effect,group,term,estimate,std.error,statistic
fixed,NA,(Intercept),4.557580754004585,0.11143191970911831,40.90013674629034
fixed,NA,cat,1.096231003400108,0.24748530444707129,4.4294791799832085
ran_pars,subj_id,sd__(Intercept),0.5095222848560933,NA,NA
ran_pars,subj_id,sd__cat,0.17630004914593456,NA,NA
ran_pars,subj_id,cor__(Intercept).cat,0.9999999751148824,NA,NA
ran_pars,item_id,sd__(Intercept),0.15530673957971036,NA,NA
ran_pars,Residual,sd__Observation,1.0405681474187691,NA,NA
fixed,NA,(Intercept),4.469152102548633,0.12682626770855548,35.2383791094339
fixed,NA,cat,0.9851671821181833,0.3624814712704977,2.7178414903944526
ran_pars,subj_id,sd__(Intercept),0.4885938626593329,NA,NA
ran_pars,subj_id,sd__cat,0.20153130194377827,NA,NA
ran_pars,subj_id,cor__(Intercept).cat,-1,NA,NA
ran_pars,item_id,sd__(Intercept),0.3103857298659915,NA,NA
ran_pars,Residual,sd__Observation,1.005480286050538,NA,NA
fixed,NA,(Intercept),4.381755615350156,0.09204221177696617,47.60593569793705
fixed,NA,cat,0.4858210519211955,0.18667730880940228,2.602464407804482
ran_pars,subj_id,sd__(Intercept),0.4393175147455422,NA,NA
ran_pars,subj_id,sd__cat,0.2588466524851844,NA,NA
ran_pars,subj_id,cor__(Intercept).cat,0.39868166640279945,NA,NA
ran_pars,item_id,sd__(Intercept),0,NA,NA
ran_pars,Residual,sd__Observation,0.9891667903982839,NA,NA
fixed,NA,(Intercept),4.5927135616733485,0.10834221496008807,42.39080365271512
fixed,NA,cat,0.7178225708555313,0.25201192282714335,2.8483675010403795
ran_pars,subj_id,sd__(Intercept),0.5164650160758731,NA,NA
ran_pars,subj_id,sd__cat,0.7340442917939243,NA,NA
ran_pars,subj_id,cor__(Intercept).cat,0.36195193194164305,NA,NA
ran_pars,item_id,sd__(Intercept),0.1082000784875592,NA,NA
ran_pars,Residual,sd__Observation,1.007601878498822,NA,NA
fixed,NA,(Intercept),4.454970844240383,0.10443985149441865,42.655851961628464
fixed,NA,cat,0.7236926433468555,0.21778853805818732,3.322914280977927
ran_pars,subj_id,sd__(Intercept),0.491135286750696,NA,NA
ran_pars,subj_id,sd__cat,0.21607799302126368,NA,NA
ran_pars,subj_id,cor__(Intercept).cat,-1,NA,NA
ran_pars,item_id,sd__(Intercept),0.10445598487769066,NA,NA
ran_pars,Residual,sd__Observation,1.0241748566111786,NA,NA
fixed,NA,(Intercept),4.482692135614107,0.11065330560849158,40.511145247432204
fixed,NA,cat,0.9986143739680604,0.24123730728450365,4.139551983932331
ran_pars,subj_id,sd__(Intercept),0.524449276693669,NA,NA
ran_pars,subj_id,sd__cat,0.5190586804660481,NA,NA
ran_pars,subj_id,cor__(Intercept).cat,-0.5473808559174073,NA,NA
ran_pars,item_id,sd__(Intercept),0.13032882798312187,NA,NA
ran_pars,Residual,sd__Observation,0.9832970745942256,NA,NA
fixed,NA,(Intercept),4.525935764665764,0.12084978862456983,37.45091999065029
fixed,NA,cat,0.4081946782389161,0.3602265290325061,1.1331610676627357
ran_pars,subj_id,sd__(Intercept),0.4481090187168308,NA,NA
ran_pars,subj_id,sd__cat,0.3089973656203786,NA,NA
ran_pars,subj_id,cor__(Intercept).cat,-0.32197695178302566,NA,NA
ran_pars,item_id,sd__(Intercept),0.31008003619468444,NA,NA
ran_pars,Residual,sd__Observation,0.9554717835755029,NA,NA
fixed,NA,(Intercept),4.408064162861478,0.12071944110765581,36.514948399491274
fixed,NA,cat,0.6568408512675675,0.3427461636537031,1.9164061364409992
ran_pars,subj_id,sd__(Intercept),0.4710208966038324,NA,NA
ran_pars,subj_id,sd__cat,0.2808752038433145,NA,NA
ran_pars,subj_id,cor__(Intercept).cat,-0.9999999691337264,NA,NA
ran_pars,item_id,sd__(Intercept),0.28679794560446115,NA,NA
ran_pars,Residual,sd__Observation,0.9888201316507031,NA,NA
fixed,NA,(Intercept),4.417412566530144,0.10925695380091095,40.43140882894827
fixed,NA,cat,0.4531766503355719,0.23052671812847825,1.9658313535830816
ran_pars,subj_id,sd__(Intercept),0.5440525099077935,NA,NA
ran_pars,subj_id,sd__cat,0.7748340673163352,NA,NA
ran_pars,subj_id,cor__(Intercept).cat,-0.41118859265783775,NA,NA
ran_pars,item_id,sd__(Intercept),0,NA,NA
ran_pars,Residual,sd__Observation,0.9969499492244492,NA,NA
fixed,NA,(Intercept),4.349085635329516,0.1236555334431209,35.17097467643863
fixed,NA,cat,0.5999563942526108,0.23392129483059307,2.5647788701199783
ran_pars,subj_id,sd__(Intercept),0.6176440422841537,NA,NA
ran_pars,subj_id,sd__cat,0.6370165745356225,NA,NA
ran_pars,subj_id,cor__(Intercept).cat,0.16803116824543896,NA,NA
ran_pars,item_id,sd__(Intercept),0.11380018271539301,NA,NA
ran_pars,Residual,sd__Observation,0.9204730313495523,NA,NA
fixed,NA,(Intercept),4.6170932288893685,0.12214059829029847,37.801462359924436
fixed,NA,cat,0.23751012545831174,0.24619909140282395,0.9647075629117754
ran_pars,subj_id,sd__(Intercept),0.5817683340961882,NA,NA
ran_pars,subj_id,sd__cat,0.2699883901176152,NA,NA
ran_pars,subj_id,cor__(Intercept).cat,-0.9790370312042942,NA,NA
ran_pars,item_id,sd__(Intercept),0.15484282636541027,NA,NA
ran_pars,Residual,sd__Observation,1.0130335735424199,NA,NA
fixed,NA,(Intercept),4.523735528826647,0.12285865959928642,36.82064856951216
fixed,NA,cat,0.4593794083487831,0.33821475764492354,1.358247675375138
ran_pars,subj_id,sd__(Intercept),0.48859898263400087,NA,NA
ran_pars,subj_id,sd__cat,0.0781025445436274,NA,NA
ran_pars,subj_id,cor__(Intercept).cat,-0.9999997871117006,NA,NA
ran_pars,item_id,sd__(Intercept),0.2816521958682909,NA,NA
ran_pars,Residual,sd__Observation,1.0226132592907975,NA,NA
fixed,NA,(Intercept),4.510655265819489,0.1145678996801799,39.371021712112494
fixed,NA,cat,0.314132916211738,0.2630004887928465,1.1944195147833592
ran_pars,subj_id,sd__(Intercept),0.5153569976836759,NA,NA
ran_pars,subj_id,sd__cat,0.1554906052514961,NA,NA
ran_pars,subj_id,cor__(Intercept).cat,0.9999984665366166,NA,NA
ran_pars,item_id,sd__(Intercept),0.1858203264073361,NA,NA
ran_pars,Residual,sd__Observation,1.007484279605859,NA,NA
fixed,NA,(Intercept),4.3881440249914325,0.11288069836938666,38.87417502177237
fixed,NA,cat,0.6842085510294552,0.32390453975261374,2.1123771576404216
ran_pars,subj_id,sd__(Intercept),0.4334436705476642,NA,NA
ran_pars,subj_id,sd__cat,0.19290978171892048,NA,NA
ran_pars,subj_id,cor__(Intercept).cat,-1,NA,NA
ran_pars,item_id,sd__(Intercept),0.2693313588619955,NA,NA
ran_pars,Residual,sd__Observation,0.9664517144142549,NA,NA
fixed,NA,(Intercept),4.534667663224567,0.10773226098858969,42.09201237969794
fixed,NA,cat,0.37729543040552455,0.286225637177674,1.3181748292216016
ran_pars,subj_id,sd__(Intercept),0.45658741727857344,NA,NA
ran_pars,subj_id,sd__cat,0.4714990429516475,NA,NA
ran_pars,subj_id,cor__(Intercept).cat,-0.48644338847140983,NA,NA
ran_pars,item_id,sd__(Intercept),0.19465153842266295,NA,NA
ran_pars,Residual,sd__Observation,1.0482201445876536,NA,NA
fixed,NA,(Intercept),4.603194793607692,0.10308282377564633,44.65530361902263
fixed,NA,cat,0.408401254577984,0.25690387079917265,1.5897045587812109
ran_pars,subj_id,sd__(Intercept),0.4618905164721036,NA,NA
ran_pars,subj_id,sd__cat,0.5412583898920753,NA,NA
ran_pars,subj_id,cor__(Intercept).cat,0.47666817138138085,NA,NA
ran_pars,item_id,sd__(Intercept),0.15836727841984527,NA,NA
ran_pars,Residual,sd__Observation,0.9667582293914612,NA,NA
fixed,NA,(Intercept),4.4871723881141286,0.08600033616503112,52.17621916620684
fixed,NA,cat,0.4695098666742429,0.2440467529975268,1.9238521345088373
ran_pars,subj_id,sd__(Intercept),0.3602733401249311,NA,NA
ran_pars,subj_id,sd__cat,0.5598275174517965,NA,NA
ran_pars,subj_id,cor__(Intercept).cat,0.3332422238917478,NA,NA
ran_pars,item_id,sd__(Intercept),0.12662436993222384,NA,NA
ran_pars,Residual,sd__Observation,0.996165522561816,NA,NA
fixed,NA,(Intercept),4.585620404923951,0.12615928947445929,36.34786169156653
fixed,NA,cat,1.1088469669449856,0.323293529542246,3.429845838594454
ran_pars,subj_id,sd__(Intercept),0.5339384487000451,NA,NA
ran_pars,subj_id,sd__cat,0.2392605805051256,NA,NA
ran_pars,subj_id,cor__(Intercept).cat,-1,NA,NA
ran_pars,item_id,sd__(Intercept),0.26197997098610953,NA,NA
ran_pars,Residual,sd__Observation,1.0096090362097503,NA,NA
fixed,NA,(Intercept),4.417831790205795,0.10227199735914234,43.19688579750686
fixed,NA,cat,0.5999829642651556,0.24461846077246555,2.4527297014726788
ran_pars,subj_id,sd__(Intercept),0.4496319338682794,NA,NA
ran_pars,subj_id,sd__cat,0.09621986670707121,NA,NA
ran_pars,subj_id,cor__(Intercept).cat,-0.9999734960772361,NA,NA
ran_pars,item_id,sd__(Intercept),0.16186068099902032,NA,NA
ran_pars,Residual,sd__Observation,0.9999605373051383,NA,NA
fixed,NA,(Intercept),4.853741679548932,0.1141523686811552,42.51985075409311
fixed,NA,cat,0.7403595004239791,0.28407394467278263,2.606221071336831
ran_pars,subj_id,sd__(Intercept),0.4898299897685504,NA,NA
ran_pars,subj_id,sd__cat,0.07147384861859192,NA,NA
ran_pars,subj_id,cor__(Intercept).cat,0.9999937257865698,NA,NA
ran_pars,item_id,sd__(Intercept),0.221871306959447,NA,NA
ran_pars,Residual,sd__Observation,0.9690332113325693,NA,NA
fixed,NA,(Intercept),4.394355230897188,0.09860969339100442,44.56311625950212
fixed,NA,cat,0.47515131205620403,0.22481178057168869,2.113551660183957
ran_pars,subj_id,sd__(Intercept),0.4718618473223935,NA,NA
ran_pars,subj_id,sd__cat,0.641256083893028,NA,NA
ran_pars,subj_id,cor__(Intercept).cat,-0.23952233122301883,NA,NA
ran_pars,item_id,sd__(Intercept),0.07369931984043789,NA,NA
ran_pars,Residual,sd__Observation,0.9705941701021472,NA,NA
fixed,NA,(Intercept),4.486205965493605,0.10684562410272345,41.98773700999191
fixed,NA,cat,0.8240632151854436,0.22242050033378724,3.704978695528375
ran_pars,subj_id,sd__(Intercept),0.5010233623784595,NA,NA
ran_pars,subj_id,sd__cat,0.14437096762860332,NA,NA
ran_pars,subj_id,cor__(Intercept).cat,0.06715369474995898,NA,NA
ran_pars,item_id,sd__(Intercept),0.1261770154090222,NA,NA
ran_pars,Residual,sd__Observation,0.9928062329790678,NA,NA
fixed,NA,(Intercept),4.380036775774228,0.12684947791209822,34.52940325705892
fixed,NA,cat,0.18101395672728074,0.37004378595550597,0.4891690216061238
ran_pars,subj_id,sd__(Intercept),0.4894131018423799,NA,NA
ran_pars,subj_id,sd__cat,0.46561339269152685,NA,NA
ran_pars,subj_id,cor__(Intercept).cat,0.9808322133132108,NA,NA
ran_pars,item_id,sd__(Intercept),0.3146375200430145,NA,NA
ran_pars,Residual,sd__Observation,0.9598297785077988,NA,NA
fixed,NA,(Intercept),4.459002347362668,0.0979581020178446,45.51948491764766
fixed,NA,cat,0.32223903558718925,0.20329610459502398,1.5850723565466518
ran_pars,subj_id,sd__(Intercept),0.46628629395568105,NA,NA
ran_pars,subj_id,sd__cat,0.33565850316900303,NA,NA
ran_pars,subj_id,cor__(Intercept).cat,-1,NA,NA
ran_pars,item_id,sd__(Intercept),5.340545277658672e-4,NA,NA
ran_pars,Residual,sd__Observation,1.0616986376220485,NA,NA
fixed,NA,(Intercept),4.51265503898683,0.10481947224524596,43.05168631672346
fixed,NA,cat,0.5752027032159123,0.31907803321111966,1.8027022964483623
ran_pars,subj_id,sd__(Intercept),0.373420316350575,NA,NA
ran_pars,subj_id,sd__cat,0.10765228887304537,NA,NA
ran_pars,subj_id,cor__(Intercept).cat,1,NA,NA
ran_pars,item_id,sd__(Intercept),0.25940216189263227,NA,NA
ran_pars,Residual,sd__Observation,1.0119536922209218,NA,NA
fixed,NA,(Intercept),4.5321174629998735,0.12776439727876351,35.47245993037831
fixed,NA,cat,0.643193499350946,0.24863364122405907,2.5869126003400513
ran_pars,subj_id,sd__(Intercept),0.6117539107218315,NA,NA
ran_pars,subj_id,sd__cat,0.0839666673301556,NA,NA
ran_pars,subj_id,cor__(Intercept).cat,-1,NA,NA
ran_pars,item_id,sd__(Intercept),0.16838354826404636,NA,NA
ran_pars,Residual,sd__Observation,0.9984586348205804,NA,NA
fixed,NA,(Intercept),4.537416393033563,0.09650992438435445,47.015023812091385
fixed,NA,cat,0.4019687728473032,0.24111238125531878,1.667142810147316
ran_pars,subj_id,sd__(Intercept),0.4184156920788923,NA,NA
ran_pars,subj_id,sd__cat,0.27276919114998555,NA,NA
ran_pars,subj_id,cor__(Intercept).cat,0.999999042159429,NA,NA
ran_pars,item_id,sd__(Intercept),0.1453641490545355,NA,NA
ran_pars,Residual,sd__Observation,1.017708359642982,NA,NA
fixed,NA,(Intercept),4.6509107692611655,0.1092641543647209,42.56575082928429
fixed,NA,cat,0.9228557983444493,0.2413457983372441,3.82379061372719
ran_pars,subj_id,sd__(Intercept),0.5147446763068592,NA,NA
ran_pars,subj_id,sd__cat,0.5062336751869397,NA,NA
ran_pars,subj_id,cor__(Intercept).cat,-0.09237683561222658,NA,NA
ran_pars,item_id,sd__(Intercept),0.11641625562981629,NA,NA
ran_pars,Residual,sd__Observation,1.0414312075754073,NA,NA
fixed,NA,(Intercept),4.54502704861055,0.11582623003090584,39.24004992131579
fixed,NA,cat,0.7238282729452393,0.3489610111384775,2.0742382382025024
ran_pars,subj_id,sd__(Intercept),0.43016752756920656,NA,NA
ran_pars,subj_id,sd__cat,0.41758325747209946,NA,NA
ran_pars,subj_id,cor__(Intercept).cat,-1,NA,NA
ran_pars,item_id,sd__(Intercept),0.28195258124671346,NA,NA
ran_pars,Residual,sd__Observation,1.045906353251628,NA,NA
fixed,NA,(Intercept),4.393379923235175,0.09323164497245365,47.12326940636142
fixed,NA,cat,0.4038903342889804,0.21698167568912466,1.8614029641270016
ran_pars,subj_id,sd__(Intercept),0.4238231767533848,NA,NA
ran_pars,subj_id,sd__cat,0.3379671143020892,NA,NA
ran_pars,subj_id,cor__(Intercept).cat,0.9999992279196456,NA,NA
ran_pars,item_id,sd__(Intercept),0.11038669905911083,NA,NA
ran_pars,Residual,sd__Observation,0.9657395908427553,NA,NA
fixed,NA,(Intercept),4.419279543515185,0.10565564067276983,41.82719933715897
fixed,NA,cat,0.3895732282038125,0.3140056000615494,1.2406569441037065
ran_pars,subj_id,sd__(Intercept),0.39931364686562193,NA,NA
ran_pars,subj_id,sd__cat,0.3884749778339728,NA,NA
ran_pars,subj_id,cor__(Intercept).cat,-0.07654128613468347,NA,NA
ran_pars,item_id,sd__(Intercept),0.24261968675266576,NA,NA
ran_pars,Residual,sd__Observation,1.0203643102825886,NA,NA
fixed,NA,(Intercept),4.444607217542026,0.1246987083030345,35.642768702471535
fixed,NA,cat,0.3092488120056226,0.36207030865400663,0.854112598062107
ran_pars,subj_id,sd__(Intercept),0.4784574403120355,NA,NA
ran_pars,subj_id,sd__cat,0.3629091320559369,NA,NA
ran_pars,subj_id,cor__(Intercept).cat,0.24884163537928947,NA,NA
ran_pars,item_id,sd__(Intercept),0.30153205680921974,NA,NA
ran_pars,Residual,sd__Observation,1.0360968949025489,NA,NA
fixed,NA,(Intercept),4.556249400038504,0.11553554434793151,39.435910617407124
fixed,NA,cat,0.5548718183774447,0.261890573645012,2.118716266319549
ran_pars,subj_id,sd__(Intercept),0.5313424014833026,NA,NA
ran_pars,subj_id,sd__cat,0.40930963220657507,NA,NA
ran_pars,subj_id,cor__(Intercept).cat,1,NA,NA
ran_pars,item_id,sd__(Intercept),0.1791324495015336,NA,NA
ran_pars,Residual,sd__Observation,0.9630227245365213,NA,NA
fixed,NA,(Intercept),4.608136957483491,0.08353089344254738,55.16685824332732
fixed,NA,cat,0.7338428524348529,0.19140959334751373,3.833887526747546
ran_pars,subj_id,sd__(Intercept),0.37646457340010725,NA,NA
ran_pars,subj_id,sd__cat,0.13259448216316871,NA,NA
ran_pars,subj_id,cor__(Intercept).cat,-0.9999974639302577,NA,NA
ran_pars,item_id,sd__(Intercept),0.04603783494393622,NA,NA
ran_pars,Residual,sd__Observation,1.0089416279814927,NA,NA
fixed,NA,(Intercept),4.505924511574132,0.089539371120134,50.323387971181766
fixed,NA,cat,0.8705983731476332,0.25421507549070427,3.4246528120613675
ran_pars,subj_id,sd__(Intercept),0.37235112616565547,NA,NA
ran_pars,subj_id,sd__cat,0.5556810290345535,NA,NA
ran_pars,subj_id,cor__(Intercept).cat,-0.8442982567851364,NA,NA
ran_pars,item_id,sd__(Intercept),0.15153892908770458,NA,NA
ran_pars,Residual,sd__Observation,0.9700805746441841,NA,NA
fixed,NA,(Intercept),4.443817397405124,0.10997698210963501,40.40679524170908
fixed,NA,cat,0.6579363061778808,0.2986766041402223,2.2028384448518565
ran_pars,subj_id,sd__(Intercept),0.4870199120701831,NA,NA
ran_pars,subj_id,sd__cat,0.8158898006317935,NA,NA
ran_pars,subj_id,cor__(Intercept).cat,0.539876948789997,NA,NA
ran_pars,item_id,sd__(Intercept),0.18535095269809018,NA,NA
ran_pars,Residual,sd__Observation,0.9899020047784376,NA,NA
fixed,NA,(Intercept),4.7183109076878065,0.09990911917475057,47.2260284812944
fixed,NA,cat,0.636268840675132,0.20989256754978036,3.0314024365070846
ran_pars,subj_id,sd__(Intercept),0.46775540461442017,NA,NA
ran_pars,subj_id,sd__cat,0.17632126605556228,NA,NA
ran_pars,subj_id,cor__(Intercept).cat,-0.9999999999167685,NA,NA
ran_pars,item_id,sd__(Intercept),0.08188967928176878,NA,NA
ran_pars,Residual,sd__Observation,1.0437336448201755,NA,NA
fixed,NA,(Intercept),4.356894790449329,0.12559843980909616,34.689083694603276
fixed,NA,cat,0.42513228629593103,0.26231196841816556,1.6207125006900367
ran_pars,subj_id,sd__(Intercept),0.5875289402616969,NA,NA
ran_pars,subj_id,sd__cat,0.12363848103603624,NA,NA
ran_pars,subj_id,cor__(Intercept).cat,0.9998451275808953,NA,NA
ran_pars,item_id,sd__(Intercept),0.19260569758324897,NA,NA
ran_pars,Residual,sd__Observation,0.9674874402407394,NA,NA
fixed,NA,(Intercept),4.452863701247796,0.1386112802818089,32.124829178366525
fixed,NA,cat,0.6958269807070505,0.35661278371963084,1.9512115450524905
ran_pars,subj_id,sd__(Intercept),0.5825452482891574,NA,NA
ran_pars,subj_id,sd__cat,0.1504726419736949,NA,NA
ran_pars,subj_id,cor__(Intercept).cat,0.9999998646085225,NA,NA
ran_pars,item_id,sd__(Intercept),0.30494907061514975,NA,NA
ran_pars,Residual,sd__Observation,1.0013591959502102,NA,NA
fixed,NA,(Intercept),4.839635055829842,0.09301971434683777,52.028057598462915
fixed,NA,cat,0.21149372202542152,0.27041025802036284,0.782121667919474
ran_pars,subj_id,sd__(Intercept),0.35001736395982996,NA,NA
ran_pars,subj_id,sd__cat,0.023778709239358434,NA,NA
ran_pars,subj_id,cor__(Intercept).cat,-0.9999988759330205,NA,NA
ran_pars,item_id,sd__(Intercept),0.19429113511875368,NA,NA
ran_pars,Residual,sd__Observation,1.0298613725614056,NA,NA
fixed,NA,(Intercept),4.566297721562253,0.12094158871401929,37.756224059201045
fixed,NA,cat,1.0934401779271539,0.22786667329828647,4.798596311167441
ran_pars,subj_id,sd__(Intercept),0.58466617009105,NA,NA
ran_pars,subj_id,sd__cat,0.07843805493320566,NA,NA
ran_pars,subj_id,cor__(Intercept).cat,-0.9999989298538504,NA,NA
ran_pars,item_id,sd__(Intercept),0.14498514963852827,NA,NA
ran_pars,Residual,sd__Observation,0.9596474806239736,NA,NA
fixed,NA,(Intercept),4.5270502554028775,0.1204546489446091,37.58302643416142
fixed,NA,cat,0.7007967431802681,0.25828962129853045,2.713220684815241
ran_pars,subj_id,sd__(Intercept),0.5587471180933001,NA,NA
ran_pars,subj_id,sd__cat,0.1791774221829519,NA,NA
ran_pars,subj_id,cor__(Intercept).cat,1,NA,NA
ran_pars,item_id,sd__(Intercept),0.17345583912261908,NA,NA
ran_pars,Residual,sd__Observation,1.0328085310085637,NA,NA
fixed,NA,(Intercept),4.371217776631608,0.12216369208187493,35.781644301499895
fixed,NA,cat,-0.33072652747657777,0.2854813651727776,-1.158487270356218
ran_pars,subj_id,sd__(Intercept),0.5464965698233916,NA,NA
ran_pars,subj_id,sd__cat,0.2449894504077034,NA,NA
ran_pars,subj_id,cor__(Intercept).cat,-1,NA,NA
ran_pars,item_id,sd__(Intercept),0.2174609784305291,NA,NA
ran_pars,Residual,sd__Observation,0.9830005853596554,NA,NA
fixed,NA,(Intercept),4.548086489300076,0.11145913573565581,40.80496820006421
fixed,NA,cat,0.4505632750865565,0.31424836931660394,1.4337807895913564
ran_pars,subj_id,sd__(Intercept),0.4707009188783475,NA,NA
ran_pars,subj_id,sd__cat,0.7378374606782883,NA,NA
ran_pars,subj_id,cor__(Intercept).cat,-0.1474270020558998,NA,NA
ran_pars,item_id,sd__(Intercept),0.21780534432560608,NA,NA
ran_pars,Residual,sd__Observation,0.9974878293294079,NA,NA
fixed,NA,(Intercept),4.569777876254212,0.11357975964031122,40.23408651969295
fixed,NA,cat,0.21923252593032444,0.23001148363067617,0.9531373063196303
ran_pars,subj_id,sd__(Intercept),0.5459313857183137,NA,NA
ran_pars,subj_id,sd__cat,0.40452695915133663,NA,NA
ran_pars,subj_id,cor__(Intercept).cat,0.28102654670553173,NA,NA
ran_pars,item_id,sd__(Intercept),0.12363622040918285,NA,NA
ran_pars,Residual,sd__Observation,0.9823130699869961,NA,NA
fixed,NA,(Intercept),4.513164507810358,0.10336910644511108,43.660670610583686
fixed,NA,cat,0.6145092646022048,0.21150642912793208,2.905392839054135
ran_pars,subj_id,sd__(Intercept),0.4913639887439153,NA,NA
ran_pars,subj_id,sd__cat,0.2760136908517393,NA,NA
ran_pars,subj_id,cor__(Intercept).cat,0.5574710660645021,NA,NA
ran_pars,item_id,sd__(Intercept),0.09259630187771405,NA,NA
ran_pars,Residual,sd__Observation,1.0043123397096179,NA,NA
fixed,NA,(Intercept),4.601088063397979,0.1293714374987517,35.564945032340496
fixed,NA,cat,0.5308879570051975,0.31147832956901855,1.704413779731541
ran_pars,subj_id,sd__(Intercept),0.5856400318245071,NA,NA
ran_pars,subj_id,sd__cat,0.603660003895352,NA,NA
ran_pars,subj_id,cor__(Intercept).cat,-0.9999996434833913,NA,NA
ran_pars,item_id,sd__(Intercept),0.2194182819181662,NA,NA
ran_pars,Residual,sd__Observation,1.0496788176545517,NA,NA
fixed,NA,(Intercept),4.334291628447883,0.10189508255515614,42.5368086443398
fixed,NA,cat,0.048603380137394105,0.2946052066930552,0.16497800796858708
ran_pars,subj_id,sd__(Intercept),0.4719995922438577,NA,NA
ran_pars,subj_id,sd__cat,1.088417616584291,NA,NA
ran_pars,subj_id,cor__(Intercept).cat,-0.05676787132282449,NA,NA
ran_pars,item_id,sd__(Intercept),0.12222857260960011,NA,NA
ran_pars,Residual,sd__Observation,0.9853523265123473,NA,NA
fixed,NA,(Intercept),4.6643564051284345,0.11535878193347716,40.43347482481381
fixed,NA,cat,0.7835991411029607,0.33298579362875336,2.3532509677472824
ran_pars,subj_id,sd__(Intercept),0.4801166211225939,NA,NA
ran_pars,subj_id,sd__cat,0.7917741897811809,NA,NA
ran_pars,subj_id,cor__(Intercept).cat,0.3401127646321534,NA,NA
ran_pars,item_id,sd__(Intercept),0.23948030546480362,NA,NA
ran_pars,Residual,sd__Observation,0.9894216967441235,NA,NA
fixed,NA,(Intercept),4.522845296056562,0.09692669907965659,46.66253301724
fixed,NA,cat,0.6008674576527023,0.2390324455159447,2.5137485262962818
ran_pars,subj_id,sd__(Intercept),0.4309750834838384,NA,NA
ran_pars,subj_id,sd__cat,0.42003674157486964,NA,NA
ran_pars,subj_id,cor__(Intercept).cat,0.8178752453628073,NA,NA
ran_pars,item_id,sd__(Intercept),0.12615981674479154,NA,NA
ran_pars,Residual,sd__Observation,1.0296482191383525,NA,NA
fixed,NA,(Intercept),4.724060274048218,0.1044324345576228,45.23556588582274
fixed,NA,cat,1.184069281745052,0.3161504122877921,3.7452719835999844
ran_pars,subj_id,sd__(Intercept),0.3933727831399016,NA,NA
ran_pars,subj_id,sd__cat,0.4893493781262105,NA,NA
ran_pars,subj_id,cor__(Intercept).cat,0.37033464629052854,NA,NA
ran_pars,item_id,sd__(Intercept),0.24702468058186725,NA,NA
ran_pars,Residual,sd__Observation,0.9635527475559086,NA,NA
fixed,NA,(Intercept),4.712226418855718,0.11364506238114207,41.46441842806935
fixed,NA,cat,0.5401551436807281,0.2415542036156824,2.236165364110682
ran_pars,subj_id,sd__(Intercept),0.5355950413131618,NA,NA
ran_pars,subj_id,sd__cat,0.3754326481082627,NA,NA
ran_pars,subj_id,cor__(Intercept).cat,0.999992035241306,NA,NA
ran_pars,item_id,sd__(Intercept),0.15170255790222528,NA,NA
ran_pars,Residual,sd__Observation,0.9586935605522068,NA,NA
fixed,NA,(Intercept),4.63566308002217,0.1057490185864473,43.83646431888752
fixed,NA,cat,0.7280344754663943,0.232077960336981,3.1370254823391086
ran_pars,subj_id,sd__(Intercept),0.4905532332496485,NA,NA
ran_pars,subj_id,sd__cat,0.31355161822848154,NA,NA
ran_pars,subj_id,cor__(Intercept).cat,1,NA,NA
ran_pars,item_id,sd__(Intercept),0.12970036982691455,NA,NA
ran_pars,Residual,sd__Observation,1.0063921675640897,NA,NA
fixed,NA,(Intercept),4.357929589813171,0.11116326745603133,39.20296415843366
fixed,NA,cat,0.6568357396419774,0.1792751410646565,3.6638417113563237
ran_pars,subj_id,sd__(Intercept),0.5592410262160078,NA,NA
ran_pars,subj_id,sd__cat,0.1915857965564667,NA,NA
ran_pars,subj_id,cor__(Intercept).cat,-1,NA,NA
ran_pars,item_id,sd__(Intercept),0,NA,NA
ran_pars,Residual,sd__Observation,0.9630587566033543,NA,NA
fixed,NA,(Intercept),4.752248001658597,0.10884590017342702,43.66033074361749
fixed,NA,cat,0.7105915746037598,0.2468675778536583,2.878432156955801
ran_pars,subj_id,sd__(Intercept),0.496407652557416,NA,NA
ran_pars,subj_id,sd__cat,0.2902939157999565,NA,NA
ran_pars,subj_id,cor__(Intercept).cat,1,NA,NA
ran_pars,item_id,sd__(Intercept),0.15107664162755877,NA,NA
ran_pars,Residual,sd__Observation,1.0292292858958272,NA,NA
fixed,NA,(Intercept),4.546013515874073,0.11600252624744613,39.18891823249544
fixed,NA,cat,0.5125135139357442,0.3425687468780523,1.49608952540609
ran_pars,subj_id,sd__(Intercept),0.4413927780817091,NA,NA
ran_pars,subj_id,sd__cat,0.4227060643426713,NA,NA
ran_pars,subj_id,cor__(Intercept).cat,0.36440870195822517,NA,NA
ran_pars,item_id,sd__(Intercept),0.2766169853357322,NA,NA
ran_pars,Residual,sd__Observation,1.0229424597742869,NA,NA
fixed,NA,(Intercept),4.574286416827443,0.09798291145984057,46.6845325238398
fixed,NA,cat,0.6438593083473478,0.22281929283604596,2.889603050760555
ran_pars,subj_id,sd__(Intercept),0.45114600998942506,NA,NA
ran_pars,subj_id,sd__cat,0.37103129889295244,NA,NA
ran_pars,subj_id,cor__(Intercept).cat,0.47888659994545363,NA,NA
ran_pars,item_id,sd__(Intercept),0.10851987239834798,NA,NA
ran_pars,Residual,sd__Observation,0.9992457214718826,NA,NA
fixed,NA,(Intercept),4.4565019602441085,0.11672303243484243,38.1801420617806
fixed,NA,cat,1.1158392325831814,0.3409170587640023,3.273051916582485
ran_pars,subj_id,sd__(Intercept),0.45267852246032175,NA,NA
ran_pars,subj_id,sd__cat,0.475153574606948,NA,NA
ran_pars,subj_id,cor__(Intercept).cat,-0.17969644033236892,NA,NA
ran_pars,item_id,sd__(Intercept),0.27421752114243153,NA,NA
ran_pars,Residual,sd__Observation,1.0025491719522621,NA,NA
fixed,NA,(Intercept),4.386365810366745,0.117251581406212,37.40986482024843
fixed,NA,cat,0.247814464074572,0.30161570054343045,0.8216232232873717
ran_pars,subj_id,sd__(Intercept),0.529273146980715,NA,NA
ran_pars,subj_id,sd__cat,0.7824537979864419,NA,NA
ran_pars,subj_id,cor__(Intercept).cat,-0.04649364254448387,NA,NA
ran_pars,item_id,sd__(Intercept),0.186231461798043,NA,NA
ran_pars,Residual,sd__Observation,1.0375269912357172,NA,NA
fixed,NA,(Intercept),4.669173525404993,0.08687846269622548,53.743740168734014
fixed,NA,cat,0.47848358187660395,0.20592865681828837,2.3235405371425224
ran_pars,subj_id,sd__(Intercept),0.3833245582863616,NA,NA
ran_pars,subj_id,sd__cat,0.015017593547104455,NA,NA
ran_pars,subj_id,cor__(Intercept).cat,0.9999990930783376,NA,NA
ran_pars,item_id,sd__(Intercept),0.10243946953549729,NA,NA
ran_pars,Residual,sd__Observation,0.9783442519339314,NA,NA
fixed,NA,(Intercept),4.445479987006055,0.11061276393033409,40.18957513624647
fixed,NA,cat,0.951367014668887,0.2293194877217948,4.148653148148769
ran_pars,subj_id,sd__(Intercept),0.5234956976875865,NA,NA
ran_pars,subj_id,sd__cat,0.29916325001647115,NA,NA
ran_pars,subj_id,cor__(Intercept).cat,0.849234325965483,NA,NA
ran_pars,item_id,sd__(Intercept),0.12847499829147502,NA,NA
ran_pars,Residual,sd__Observation,0.9964684730232762,NA,NA
fixed,NA,(Intercept),4.367291599149251,0.09920445613437813,44.02313937625447
fixed,NA,cat,0.4760330280275411,0.24742702937531375,1.9239330045282264
ran_pars,subj_id,sd__(Intercept),0.4519532147792919,NA,NA
ran_pars,subj_id,sd__cat,0.6171383989298017,NA,NA
ran_pars,subj_id,cor__(Intercept).cat,0.23549771527186825,NA,NA
ran_pars,item_id,sd__(Intercept),0.13873677688949299,NA,NA
ran_pars,Residual,sd__Observation,0.9371805827483748,NA,NA
fixed,NA,(Intercept),4.510332857900769,0.11896397735710992,37.91343361328199
fixed,NA,cat,0.5658887436322909,0.35614375808981735,1.5889334876102956
ran_pars,subj_id,sd__(Intercept),0.44175280176515935,NA,NA
ran_pars,subj_id,sd__cat,0.3664894303100987,NA,NA
ran_pars,subj_id,cor__(Intercept).cat,-0.5738570089943701,NA,NA
ran_pars,item_id,sd__(Intercept),0.30250356262099903,NA,NA
ran_pars,Residual,sd__Observation,0.9620730888603173,NA,NA
fixed,NA,(Intercept),4.566844922174559,0.10972036050197205,41.62258400611504
fixed,NA,cat,0.8191911931428376,0.2668461452188075,3.0699007942240284
ran_pars,subj_id,sd__(Intercept),0.48798899757826564,NA,NA
ran_pars,subj_id,sd__cat,0.40967125905470025,NA,NA
ran_pars,subj_id,cor__(Intercept).cat,-0.42036507159058645,NA,NA
ran_pars,item_id,sd__(Intercept),0.1713147016303406,NA,NA
ran_pars,Residual,sd__Observation,1.0430309708766394,NA,NA
fixed,NA,(Intercept),4.472944431057362,0.12336223127934318,36.25862133547798
fixed,NA,cat,0.93437596006498,0.20753048408627037,4.502355228336287
ran_pars,subj_id,sd__(Intercept),0.6192083105872705,NA,NA
ran_pars,subj_id,sd__cat,0.34930604657414066,NA,NA
ran_pars,subj_id,cor__(Intercept).cat,0.3099759702667179,NA,NA
ran_pars,item_id,sd__(Intercept),0.09602427855631855,NA,NA
ran_pars,Residual,sd__Observation,0.9452155724549579,NA,NA
fixed,NA,(Intercept),4.694934316667543,0.09766131798613732,48.073632564880725
fixed,NA,cat,0.8325338937292031,0.2306187290432598,3.6100012222902986
ran_pars,subj_id,sd__(Intercept),0.43199654742440163,NA,NA
ran_pars,subj_id,sd__cat,0.058089263832190687,NA,NA
ran_pars,subj_id,cor__(Intercept).cat,-0.9999926833081296,NA,NA
ran_pars,item_id,sd__(Intercept),0.14452230397632226,NA,NA
ran_pars,Residual,sd__Observation,0.9826366025110973,NA,NA
fixed,NA,(Intercept),4.504625289139213,0.10135097582280832,44.445800867419756
fixed,NA,cat,0.4914316824731702,0.25369672073579524,1.9370833057986463
ran_pars,subj_id,sd__(Intercept),0.439590570079798,NA,NA
ran_pars,subj_id,sd__cat,0.30352750797771977,NA,NA
ran_pars,subj_id,cor__(Intercept).cat,0.663532890912663,NA,NA
ran_pars,item_id,sd__(Intercept),0.16329347123230015,NA,NA
ran_pars,Residual,sd__Observation,1.0192100386333025,NA,NA
fixed,NA,(Intercept),4.48738116629462,0.10170546910044496,44.12133591225909
fixed,NA,cat,0.4148493111163613,0.21912836197890267,1.8931794468317265
ran_pars,subj_id,sd__(Intercept),0.4693535051729749,NA,NA
ran_pars,subj_id,sd__cat,0.008910792628644316,NA,NA
ran_pars,subj_id,cor__(Intercept).cat,0.9999916760546896,NA,NA
ran_pars,item_id,sd__(Intercept),0.09955161597442852,NA,NA
ran_pars,Residual,sd__Observation,1.0691688553207275,NA,NA
fixed,NA,(Intercept),4.37246785899236,0.12214706097727511,35.79675044171417
fixed,NA,cat,0.46507325134449273,0.2890329210214403,1.609066710120519
ran_pars,subj_id,sd__(Intercept),0.5406659830392831,NA,NA
ran_pars,subj_id,sd__cat,0.14751950343459355,NA,NA
ran_pars,subj_id,cor__(Intercept).cat,0.9999999255405184,NA,NA
ran_pars,item_id,sd__(Intercept),0.22603888766301047,NA,NA
ran_pars,Residual,sd__Observation,0.9755160260365052,NA,NA
fixed,NA,(Intercept),4.498145468182788,0.10208809552793614,44.06141034291194
fixed,NA,cat,0.37955580515837417,0.18130052834131521,2.0935173693692986
ran_pars,subj_id,sd__(Intercept),0.5021830224976095,NA,NA
ran_pars,subj_id,sd__cat,0.13620211955936004,NA,NA
ran_pars,subj_id,cor__(Intercept).cat,0.9999877467223803,NA,NA
ran_pars,item_id,sd__(Intercept),0,NA,NA
ran_pars,Residual,sd__Observation,0.9836388717068574,NA,NA
fixed,NA,(Intercept),4.5791854594029715,0.10180524269547565,44.97985897544033
fixed,NA,cat,0.4664877849278621,0.26800335320582036,1.7406042847889678
ran_pars,subj_id,sd__(Intercept),0.42395096275807737,NA,NA
ran_pars,subj_id,sd__cat,0.23591746380092113,NA,NA
ran_pars,subj_id,cor__(Intercept).cat,-0.9999996639347736,NA,NA
ran_pars,item_id,sd__(Intercept),0.19034946445027,NA,NA
ran_pars,Residual,sd__Observation,1.006046376498376,NA,NA
fixed,NA,(Intercept),4.469070457964684,0.11266135072057282,39.668177501697556
fixed,NA,cat,-0.01594741312062326,0.2833994730664462,-0.05627185170130577
ran_pars,subj_id,sd__(Intercept),0.48037147524104074,NA,NA
ran_pars,subj_id,sd__cat,0.09553812571919909,NA,NA
ran_pars,subj_id,cor__(Intercept).cat,1,NA,NA
ran_pars,item_id,sd__(Intercept),0.2147988095991255,NA,NA
ran_pars,Residual,sd__Observation,1.008054784428006,NA,NA
fixed,NA,(Intercept),4.506723659511879,0.11445690450655875,39.37485186185189
fixed,NA,cat,0.37725289226717645,0.28253318074805783,1.3352516375893657
ran_pars,subj_id,sd__(Intercept),0.493300889278224,NA,NA
ran_pars,subj_id,sd__cat,0.009919157431833941,NA,NA
ran_pars,subj_id,cor__(Intercept).cat,0.9727836126421607,NA,NA
ran_pars,item_id,sd__(Intercept),0.21930556172639037,NA,NA
ran_pars,Residual,sd__Observation,0.9756042614197855,NA,NA
fixed,NA,(Intercept),4.568124842000994,0.10177564342759216,44.88426393738269
fixed,NA,cat,0.4426122053712245,0.2554494539200801,1.7326801783248285
ran_pars,subj_id,sd__(Intercept),0.45272599098293254,NA,NA
ran_pars,subj_id,sd__cat,0.5148113306615058,NA,NA
ran_pars,subj_id,cor__(Intercept).cat,-0.017383274480734328,NA,NA
ran_pars,item_id,sd__(Intercept),0.14439761452047933,NA,NA
ran_pars,Residual,sd__Observation,1.032996547278061,NA,NA
fixed,NA,(Intercept),4.426549622051934,0.08625023676221838,51.32217357565526
fixed,NA,cat,0.5880842976665406,0.20648187973363022,2.8481157689245786
ran_pars,subj_id,sd__(Intercept),0.4021468881319381,NA,NA
ran_pars,subj_id,sd__cat,0.5439000918906292,NA,NA
ran_pars,subj_id,cor__(Intercept).cat,-0.08584942823195076,NA,NA
ran_pars,item_id,sd__(Intercept),0,NA,NA
ran_pars,Residual,sd__Observation,0.9915723321025878,NA,NA
fixed,NA,(Intercept),4.435982158774411,0.09609140476406376,46.1641930375169
fixed,NA,cat,0.5501869856544257,0.25121700735089,2.1900865369594436
ran_pars,subj_id,sd__(Intercept),0.40344984372470577,NA,NA
ran_pars,subj_id,sd__cat,0.25600799307640193,NA,NA
ran_pars,subj_id,cor__(Intercept).cat,0.999997721699358,NA,NA
ran_pars,item_id,sd__(Intercept),0.16394813359680746,NA,NA
ran_pars,Residual,sd__Observation,1.0106382813127561,NA,NA
fixed,NA,(Intercept),4.722112146629385,0.12465565667887117,37.8812504176537
fixed,NA,cat,0.7396939318582808,0.24399598191653787,3.0315824303668375
ran_pars,subj_id,sd__(Intercept),0.5976216965761842,NA,NA
ran_pars,subj_id,sd__cat,0.20423646848808516,NA,NA
ran_pars,subj_id,cor__(Intercept).cat,-0.999999232641291,NA,NA
ran_pars,item_id,sd__(Intercept),0.15815753257273912,NA,NA
ran_pars,Residual,sd__Observation,0.9969425697586957,NA,NA
fixed,NA,(Intercept),4.553437240686625,0.11406649011840996,39.919149225682325
fixed,NA,cat,0.3511577306472282,0.34932395278363415,1.0052495050768244
ran_pars,subj_id,sd__(Intercept),0.4259434477384774,NA,NA
ran_pars,subj_id,sd__cat,0.5641835249144984,NA,NA
ran_pars,subj_id,cor__(Intercept).cat,-0.20524929616306317,NA,NA
ran_pars,item_id,sd__(Intercept),0.27751038049805393,NA,NA
ran_pars,Residual,sd__Observation,1.0159494728288936,NA,NA
fixed,NA,(Intercept),4.476007067802386,0.0905948522611702,49.40685873518273
fixed,NA,cat,0.648377977368183,0.2373844599468784,2.731341291309786
ran_pars,subj_id,sd__(Intercept),0.3908512559678728,NA,NA
ran_pars,subj_id,sd__cat,0.44182761390341235,NA,NA
ran_pars,subj_id,cor__(Intercept).cat,0.4682722137573577,NA,NA
ran_pars,item_id,sd__(Intercept),0.11475378323799093,NA,NA
ran_pars,Residual,sd__Observation,1.0489408426110576,NA,NA
fixed,NA,(Intercept),4.4493516219163265,0.10500690858040312,42.37198944400393
fixed,NA,cat,0.1384753356748908,0.2552685840522844,0.5424691651305125
ran_pars,subj_id,sd__(Intercept),0.47113039487447667,NA,NA
ran_pars,subj_id,sd__cat,0.4621543853527003,NA,NA
ran_pars,subj_id,cor__(Intercept).cat,-0.3186148432035642,NA,NA
ran_pars,item_id,sd__(Intercept),0.16335665074901157,NA,NA
ran_pars,Residual,sd__Observation,0.9699035848490225,NA,NA
fixed,NA,(Intercept),4.346210470917825,0.12562875634730086,34.59566581159747
fixed,NA,cat,0.17564692134597717,0.27248778082744823,0.6446047628726694
ran_pars,subj_id,sd__(Intercept),0.5988032026754794,NA,NA
ran_pars,subj_id,sd__cat,0.6236117440372906,NA,NA
ran_pars,subj_id,cor__(Intercept).cat,0.24603060697295354,NA,NA
ran_pars,item_id,sd__(Intercept),0.15185114136619912,NA,NA
ran_pars,Residual,sd__Observation,1.0709029086150967,NA,NA
fixed,NA,(Intercept),4.561562478637678,0.08549762840006596,53.353087845816304
fixed,NA,cat,0.7058466635616891,0.24010289517814626,2.9397673986312434
ran_pars,subj_id,sd__(Intercept),0.33481062707144726,NA,NA
ran_pars,subj_id,sd__cat,0.11969612529354658,NA,NA
ran_pars,subj_id,cor__(Intercept).cat,0.9999998933835197,NA,NA
ran_pars,item_id,sd__(Intercept),0.15796349282984873,NA,NA
ran_pars,Residual,sd__Observation,0.9831484596780796,NA,NA
fixed,NA,(Intercept),4.53525994951737,0.10960007978253594,41.38007890611075
fixed,NA,cat,0.5152191306126195,0.29619325936606533,1.7394694656972596
ran_pars,subj_id,sd__(Intercept),0.48380975775157475,NA,NA
ran_pars,subj_id,sd__cat,0.781804527707968,NA,NA
ran_pars,subj_id,cor__(Intercept).cat,-0.16634720033270597,NA,NA
ran_pars,item_id,sd__(Intercept),0.1791174602324357,NA,NA
ran_pars,Residual,sd__Observation,1.028690016705021,NA,NA
fixed,NA,(Intercept),4.52371063411192,0.09589859472874313,47.171813590257486
fixed,NA,cat,0.42400237273965935,0.2191379828722658,1.9348648152283476
ran_pars,subj_id,sd__(Intercept),0.43474718314637645,NA,NA
ran_pars,subj_id,sd__cat,0.22446837666852815,NA,NA
ran_pars,subj_id,cor__(Intercept).cat,0.09435194890411193,NA,NA
ran_pars,item_id,sd__(Intercept),0.10836992269638408,NA,NA
ran_pars,Residual,sd__Observation,1.0187916419165157,NA,NA
fixed,NA,(Intercept),4.397911663112784,0.11778983046907694,37.33693855911743
fixed,NA,cat,0.6541740243275559,0.1792742999955533,3.6490117342183566
ran_pars,subj_id,sd__(Intercept),0.5970971336893484,NA,NA
ran_pars,subj_id,sd__cat,0.09404697974527601,NA,NA
ran_pars,subj_id,cor__(Intercept).cat,0.9998915949825081,NA,NA
ran_pars,item_id,sd__(Intercept),1.261014633695793e-4,NA,NA
ran_pars,Residual,sd__Observation,0.9774113400816921,NA,NA
fixed,NA,(Intercept),4.616976963611832,0.11159277976331329,41.373438079097724
fixed,NA,cat,0.13178014765109147,0.23213640288683052,0.5676841116355886
ran_pars,subj_id,sd__(Intercept),0.5224316007863414,NA,NA
ran_pars,subj_id,sd__cat,0.07848852536754759,NA,NA
ran_pars,subj_id,cor__(Intercept).cat,-0.9999999158691834,NA,NA
ran_pars,item_id,sd__(Intercept),0.14527406023719738,NA,NA
ran_pars,Residual,sd__Observation,0.9885961058029269,NA,NA
fixed,NA,(Intercept),4.496027077497937,0.10333624903104989,43.50871179915768
fixed,NA,cat,0.8005900282723849,0.27819391389198944,2.8778128790524837
ran_pars,subj_id,sd__(Intercept),0.42312616387086044,NA,NA
ran_pars,subj_id,sd__cat,0.24638394022740945,NA,NA
ran_pars,subj_id,cor__(Intercept).cat,0.9999993416809403,NA,NA
ran_pars,item_id,sd__(Intercept),0.20361673807387617,NA,NA
ran_pars,Residual,sd__Observation,1.0085917335963837,NA,NA
fixed,NA,(Intercept),4.5623649203815555,0.10662071725029279,42.79060428445042
fixed,NA,cat,0.3737711766905811,0.19525501785413468,1.9142718112873645
ran_pars,subj_id,sd__(Intercept),0.5352332678313855,NA,NA
ran_pars,subj_id,sd__cat,0.5202892938239879,NA,NA
ran_pars,subj_id,cor__(Intercept).cat,0.13943338604714867,NA,NA
ran_pars,item_id,sd__(Intercept),1.1455447989209499e-4,NA,NA
ran_pars,Residual,sd__Observation,0.9343630541533755,NA,NA
fixed,NA,(Intercept),4.465419432062914,0.11155186202912404,40.02998561240582
fixed,NA,cat,0.5914359026993027,0.30917885019917957,1.9129248404872685
ran_pars,subj_id,sd__(Intercept),0.46864554596528785,NA,NA
ran_pars,subj_id,sd__cat,0.6393532698947827,NA,NA
ran_pars,subj_id,cor__(Intercept).cat,0.22991463800081152,NA,NA
ran_pars,item_id,sd__(Intercept),0.21736081469453902,NA,NA
ran_pars,Residual,sd__Observation,1.0205893031230686,NA,NA
fixed,NA,(Intercept),4.3685167402922005,0.1191962361446618,36.64978762408552
fixed,NA,cat,0.7607433795225307,0.303446776607518,2.507007614407735
ran_pars,subj_id,sd__(Intercept),0.5396473581254181,NA,NA
ran_pars,subj_id,sd__cat,0.7760091647698344,NA,NA
ran_pars,subj_id,cor__(Intercept).cat,-0.07199649688737306,NA,NA
ran_pars,item_id,sd__(Intercept),0.18057823659677427,NA,NA
ran_pars,Residual,sd__Observation,1.08717670009341,NA,NA
fixed,NA,(Intercept),4.567105536703586,0.09449660817878189,48.33089382491801
fixed,NA,cat,0.3643015613731633,0.2832828997382449,1.2859991256435885
ran_pars,subj_id,sd__(Intercept),0.3608392714338745,NA,NA
ran_pars,subj_id,sd__cat,0.452264763125427,NA,NA
ran_pars,subj_id,cor__(Intercept).cat,-0.07982731124485316,NA,NA
ran_pars,item_id,sd__(Intercept),0.2078065705846492,NA,NA
ran_pars,Residual,sd__Observation,0.952588840588513,NA,NA
fixed,NA,(Intercept),4.579282016117056,0.08312297690687376,55.090447750053784
fixed,NA,cat,-0.24730189132092165,0.21060283708478525,-1.1742571692961665
ran_pars,subj_id,sd__(Intercept),0.3523859249989661,NA,NA
ran_pars,subj_id,sd__cat,0.029900379759109807,NA,NA
ran_pars,subj_id,cor__(Intercept).cat,0.9999790655784495,NA,NA
ran_pars,item_id,sd__(Intercept),0.08752573056970034,NA,NA
ran_pars,Residual,sd__Observation,1.0487564119385813,NA,NA
fixed,NA,(Intercept),4.529053010333757,0.10209018638180942,44.363255380839924
fixed,NA,cat,0.5129601822858432,0.24351151672481577,2.10651302733054
ran_pars,subj_id,sd__(Intercept),0.4826178561476958,NA,NA
ran_pars,subj_id,sd__cat,0.7091549406606034,NA,NA
ran_pars,subj_id,cor__(Intercept).cat,0.34318766285688307,NA,NA
ran_pars,item_id,sd__(Intercept),0.10271055399784328,NA,NA
ran_pars,Residual,sd__Observation,0.9795668922482774,NA,NA
fixed,NA,(Intercept),4.467272358864267,0.08073853338141751,55.330115271730186
fixed,NA,cat,0.11935296391069196,0.2434612834522872,0.49023385656340873
ran_pars,subj_id,sd__(Intercept),0.3005156336638012,NA,NA
ran_pars,subj_id,sd__cat,0.30687955713805853,NA,NA
ran_pars,subj_id,cor__(Intercept).cat,-0.20020451690508867,NA,NA
ran_pars,item_id,sd__(Intercept),0.1365539443294669,NA,NA
ran_pars,Residual,sd__Observation,1.060479816997827,NA,NA
fixed,NA,(Intercept),4.3587878250455905,0.12119097058259348,35.96627540890112
fixed,NA,cat,0.4115688087845543,0.3586196056927303,1.1476472625905219
ran_pars,subj_id,sd__(Intercept),0.5033657319834849,NA,NA
ran_pars,subj_id,sd__cat,0.9286511516280483,NA,NA
ran_pars,subj_id,cor__(Intercept).cat,0.23144384124450598,NA,NA
ran_pars,item_id,sd__(Intercept),0.26186614142510883,NA,NA
ran_pars,Residual,sd__Observation,0.9688299156456449,NA,NA
fixed,NA,(Intercept),4.615010538218295,0.11239658182013529,41.060061289083954
fixed,NA,cat,0.4277208507101417,0.33458475214578465,1.278363248674811
ran_pars,subj_id,sd__(Intercept),0.41125055642849223,NA,NA
ran_pars,subj_id,sd__cat,0.024597628532973405,NA,NA
ran_pars,subj_id,cor__(Intercept).cat,-1,NA,NA
ran_pars,item_id,sd__(Intercept),0.27646917955254646,NA,NA
ran_pars,Residual,sd__Observation,1.031865994424903,NA,NA
fixed,NA,(Intercept),4.520472632164724,0.10998181585121992,41.102000336854616
fixed,NA,cat,0.947001710930726,0.2415982293829707,3.9197377950547034
ran_pars,subj_id,sd__(Intercept),0.5141812181814521,NA,NA
ran_pars,subj_id,sd__cat,0.41848347961586885,NA,NA
ran_pars,subj_id,cor__(Intercept).cat,0.15523753031669427,NA,NA
ran_pars,item_id,sd__(Intercept),0.1414407393444315,NA,NA
ran_pars,Residual,sd__Observation,0.9878249987367247,NA,NA
fixed,NA,(Intercept),4.53450552794182,0.10452435661198764,43.382285956321965
fixed,NA,cat,0.5448360695073137,0.23205437628555403,2.3478810364552953
ran_pars,subj_id,sd__(Intercept),0.4850485493782777,NA,NA
ran_pars,subj_id,sd__cat,0.36832973079820014,NA,NA
ran_pars,subj_id,cor__(Intercept).cat,0.8490286343470131,NA,NA
ran_pars,item_id,sd__(Intercept),0.13589515736162844,NA,NA
ran_pars,Residual,sd__Observation,0.9621774275975294,NA,NA
fixed,NA,(Intercept),4.382355605561945,0.10644296197577494,41.17092876990132
fixed,NA,cat,0.1660890079362403,0.29253962958238927,0.5677487462923853
ran_pars,subj_id,sd__(Intercept),0.4641671029445182,NA,NA
ran_pars,subj_id,sd__cat,0.7590458771220306,NA,NA
ran_pars,subj_id,cor__(Intercept).cat,0.23727272310401853,NA,NA
ran_pars,item_id,sd__(Intercept),0.18103393021389752,NA,NA
ran_pars,Residual,sd__Observation,1.0040089073555947,NA,NA
fixed,NA,(Intercept),4.510428766690196,0.11149003338784694,40.455892151359414
fixed,NA,cat,0.4534304722749996,0.26130969578657326,1.7352225332095694
ran_pars,subj_id,sd__(Intercept),0.5065217589858565,NA,NA
ran_pars,subj_id,sd__cat,0.43254845863212255,NA,NA
ran_pars,subj_id,cor__(Intercept).cat,0.42403647234906744,NA,NA
ran_pars,item_id,sd__(Intercept),0.16841624143646747,NA,NA
ran_pars,Residual,sd__Observation,1.0052182016405806,NA,NA
