"","melody.id","note.id","melody.name","cpitch","information.content","entropy","Viewpoint","Time"
"1",1,1,"""Dallapiccola_quartina_1""",58,5.2854023,5.285403,"cpint","Before"
"2",1,2,"""Dallapiccola_quartina_1""",69,12.216159,3.450136,"cpint","Before"
"3",1,3,"""Dallapiccola_quartina_1""",77,8.453092,3.0065491,"cpint","Before"
"4",1,4,"""Dallapiccola_quartina_1""",74,2.8722491,3.2548726,"cpint","Before"
"5",1,5,"""Dallapiccola_quartina_1""",72,1.5104158,3.0842056,"cpint","Before"
"6",1,6,"""Dallapiccola_quartina_1""",72,2.5067272,3.3532538,"cpint","Before"
"7",1,7,"""Dallapiccola_quartina_1""",66,9.81231,3.3632944,"cpint","Before"
"8",1,8,"""Dallapiccola_quartina_1""",67,1.4307494,2.8816652,"cpint","Before"
"9",1,9,"""Dallapiccola_quartina_1""",75,8.665915,3.475711,"cpint","Before"
"10",1,10,"""Dallapiccola_quartina_1""",75,3.0771422,2.7996593,"cpint","Before"
"11",1,11,"""Dallapiccola_quartina_1""",73,3.0601506,3.2281601,"cpint","Before"
"12",1,12,"""Dallapiccola_quartina_1""",68,5.7418656,3.2307367,"cpint","Before"
"13",1,13,"""Dallapiccola_quartina_1""",59,9.370802,3.4636273,"cpint","Before"
"14",1,14,"""Dallapiccola_quartina_1""",40,13.979113,3.5393786,"cpint","Before"
"15",2,1,"""Schoenberg_P""",70,5.2854023,5.285403,"cpint","Before"
"16",2,2,"""Schoenberg_P""",64,9.3960905,3.4720666,"cpint","Before"
"17",2,3,"""Schoenberg_P""",66,3.953832,3.3433897,"cpint","Before"
"18",2,4,"""Schoenberg_P""",63,4.7296324,2.9224381,"cpint","Before"
"19",2,5,"""Schoenberg_P""",65,4.518953,3.0967395,"cpint","Before"
"20",2,6,"""Schoenberg_P""",69,5.777698,3.6345744,"cpint","Before"
"21",2,7,"""Schoenberg_P""",62,7.392055,2.8707411,"cpint","Before"
"22",2,8,"""Schoenberg_P""",61,5.3195653,3.23256,"cpint","Before"
"23",2,9,"""Schoenberg_P""",67,9.725452,3.0549667,"cpint","Before"
"24",2,10,"""Schoenberg_P""",68,4.3827415,1.98105,"cpint","Before"
"25",2,11,"""Schoenberg_P""",59,9.315198,3.413996,"cpint","Before"
"26",2,12,"""Schoenberg_P""",59,1.6603982,3.3122592,"cpint","Before"
"27",2,13,"""Schoenberg_P""",60,4.991637,2.86367,"cpint","Before"
"28",3,1,"""Schoenberg_R""",60,5.2854023,5.285403,"cpint","Before"
"29",3,2,"""Schoenberg_R""",59,3.5092034,3.4779308,"cpint","Before"
"30",3,3,"""Schoenberg_R""",68,8.37566,3.0209467,"cpint","Before"
"31",3,4,"""Schoenberg_R""",67,6.114258,2.6173327,"cpint","Before"
"32",3,5,"""Schoenberg_R""",67,2.9460707,3.7919507,"cpint","Before"
"33",3,6,"""Schoenberg_R""",61,9.041066,3.1215003,"cpint","Before"
"34",3,7,"""Schoenberg_R""",62,1.9814826,2.692665,"cpint","Before"
"35",3,8,"""Schoenberg_R""",57,4.7626834,3.5812247,"cpint","Before"
"36",3,9,"""Schoenberg_R""",65,7.8590755,3.4740412,"cpint","Before"
"37",3,10,"""Schoenberg_R""",63,4.615722,2.2265456,"cpint","Before"
"38",3,11,"""Schoenberg_R""",66,5.316481,3.1168098,"cpint","Before"
"39",3,12,"""Schoenberg_R""",64,4.9570403,2.6525404,"cpint","Before"
"40",3,13,"""Schoenberg_R""",70,10.488005,3.4878216,"cpint","Before"
"41",4,1,"""Webern_froh_2""",79,5.2854023,5.285403,"cpint","Before"
"42",4,2,"""Webern_froh_2""",79,2.1924567,3.1782348,"cpint","Before"
"43",4,3,"""Webern_froh_2""",70,8.436424,3.109688,"cpint","Before"
"44",4,4,"""Webern_froh_2""",59,13.439975,3.1754925,"cpint","Before"
"45",4,5,"""Webern_froh_2""",68,2.6378462,3.417859,"cpint","Before"
"46",4,6,"""Webern_froh_2""",68,2.5357733,2.9926658,"cpint","Before"
"47",4,7,"""Webern_froh_2""",73,5.3237767,3.0697958,"cpint","Before"
"48",4,8,"""Webern_froh_2""",81,8.808073,3.403086,"cpint","Before"
"49",4,9,"""Webern_froh_2""",72,9.702295,2.910301,"cpint","Before"
"50",4,10,"""Webern_froh_2""",63,8.145938,3.5833127,"cpint","Before"
"51",4,11,"""Webern_froh_2""",76,11.166142,3.714774,"cpint","Before"
"52",4,12,"""Webern_froh_2""",62,13.9435425,2.6853695,"cpint","Before"
"53",5,1,"""Webern_qrt_V1_1""",61,5.2854023,5.285403,"cpint","Before"
"54",5,2,"""Webern_qrt_V1_1""",74,12.444739,3.4814324,"cpint","Before"
"55",5,3,"""Webern_qrt_V1_1""",83,7.890884,3.1662455,"cpint","Before"
"56",5,4,"""Webern_qrt_V1_1""",72,8.855626,2.2443883,"cpint","Before"
"57",5,5,"""Webern_qrt_V1_1""",80,9.718797,2.3784437,"cpint","Before"
"58",5,6,"""Webern_qrt_V1_1""",67,14.457716,2.8832033,"cpint","Before"
"59",5,7,"""Webern_qrt_V1_1""",82,2.816279,3.3596811,"cpint","Before"
"60",5,8,"""Webern_qrt_V1_1""",69,0.84062135,2.0954335,"cpint","Before"
"61",5,9,"""Webern_qrt_V1_1""",77,8.407729,2.9967687,"cpint","Before"
"62",5,10,"""Webern_qrt_V1_1""",66,10.569285,3.495029,"cpint","Before"
"63",5,11,"""Webern_qrt_V1_1""",75,2.3384202,3.5427115,"cpint","Before"
"64",5,12,"""Webern_qrt_V1_1""",88,12.530001,2.8940413,"cpint","Before"
"65",6,1,"""Webern_qrt_V2_2""",56,5.2854023,5.285403,"cpint","Before"
"66",6,2,"""Webern_qrt_V2_2""",72,11.828001,3.4374623,"cpint","Before"
"67",6,3,"""Webern_qrt_V2_2""",59,14.692885,2.1058621,"cpint","Before"
"68",6,4,"""Webern_qrt_V2_2""",61,3.6876657,3.5791588,"cpint","Before"
"69",6,5,"""Webern_qrt_V2_2""",77,11.611357,3.3776639,"cpint","Before"
"70",6,6,"""Webern_qrt_V2_2""",66,13.545435,2.6521418,"cpint","Before"
"71",6,7,"""Webern_qrt_V2_2""",75,2.482978,3.5300872,"cpint","Before"
"72",6,8,"""Webern_qrt_V2_2""",64,9.316761,2.7587273,"cpint","Before"
"73",6,9,"""Webern_qrt_V2_2""",68,4.1201696,2.7166045,"cpint","Before"
"74",6,10,"""Webern_qrt_V2_2""",55,15.328119,2.3400984,"cpint","Before"
"75",6,11,"""Webern_qrt_V2_2""",70,3.7590008,3.4575586,"cpint","Before"
"76",6,12,"""Webern_qrt_V2_2""",57,0.8357493,2.3348427,"cpint","Before"
"77",1,1,"""Dallapiccola_quartina_1""",58,5.2854023,5.285403,"cpint-cpintfref","Before"
"78",1,2,"""Dallapiccola_quartina_1""",69,10.23499,2.8404007,"cpint-cpintfref","Before"
"79",1,3,"""Dallapiccola_quartina_1""",77,12.523824,2.7479298,"cpint-cpintfref","Before"
"80",1,4,"""Dallapiccola_quartina_1""",74,2.9998064,3.0434692,"cpint-cpintfref","Before"
"81",1,5,"""Dallapiccola_quartina_1""",72,2.7499251,3.4842439,"cpint-cpintfref","Before"
"82",1,6,"""Dallapiccola_quartina_1""",72,2.7895813,2.6074111,"cpint-cpintfref","Before"
"83",1,7,"""Dallapiccola_quartina_1""",66,7.752497,2.7375908,"cpint-cpintfref","Before"
"84",1,8,"""Dallapiccola_quartina_1""",67,1.236358,2.0467498,"cpint-cpintfref","Before"
"85",1,9,"""Dallapiccola_quartina_1""",75,11.303764,2.3147035,"cpint-cpintfref","Before"
"86",1,10,"""Dallapiccola_quartina_1""",75,3.091895,2.007177,"cpint-cpintfref","Before"
"87",1,11,"""Dallapiccola_quartina_1""",73,9.333758,2.386544,"cpint-cpintfref","Before"
"88",1,12,"""Dallapiccola_quartina_1""",68,10.486676,1.6986793,"cpint-cpintfref","Before"
"89",1,13,"""Dallapiccola_quartina_1""",59,8.478633,2.800191,"cpint-cpintfref","Before"
"90",1,14,"""Dallapiccola_quartina_1""",40,12.789911,2.6917741,"cpint-cpintfref","Before"
"91",2,1,"""Schoenberg_P""",70,5.2854023,5.285403,"cpint-cpintfref","Before"
"92",2,2,"""Schoenberg_P""",64,9.743964,3.1084993,"cpint-cpintfref","Before"
"93",2,3,"""Schoenberg_P""",66,6.20636,2.7039192,"cpint-cpintfref","Before"
"94",2,4,"""Schoenberg_P""",63,11.234891,1.632393,"cpint-cpintfref","Before"
"95",2,5,"""Schoenberg_P""",65,2.1572428,2.904521,"cpint-cpintfref","Before"
"96",2,6,"""Schoenberg_P""",69,8.677632,2.3044176,"cpint-cpintfref","Before"
"97",2,7,"""Schoenberg_P""",62,5.2352257,2.4747086,"cpint-cpintfref","Before"
"98",2,8,"""Schoenberg_P""",61,10.53538,2.3604238,"cpint-cpintfref","Before"
"99",2,9,"""Schoenberg_P""",67,10.718621,1.2777857,"cpint-cpintfref","Before"
"100",2,10,"""Schoenberg_P""",68,5.707006,3.263569,"cpint-cpintfref","Before"
"101",2,11,"""Schoenberg_P""",59,10.406133,2.6964588,"cpint-cpintfref","Before"
"102",2,12,"""Schoenberg_P""",59,3.3631458,2.352335,"cpint-cpintfref","Before"
"103",2,13,"""Schoenberg_P""",60,1.2858155,2.4411328,"cpint-cpintfref","Before"
"104",3,1,"""Schoenberg_R""",60,5.2854023,5.285403,"cpint-cpintfref","Before"
"105",3,2,"""Schoenberg_R""",59,2.5922601,3.2307873,"cpint-cpintfref","Before"
"106",3,3,"""Schoenberg_R""",68,11.502644,2.2638328,"cpint-cpintfref","Before"
"107",3,4,"""Schoenberg_R""",67,2.138608,2.2190368,"cpint-cpintfref","Before"
"108",3,5,"""Schoenberg_R""",67,2.723193,2.6501606,"cpint-cpintfref","Before"
"109",3,6,"""Schoenberg_R""",61,11.89043,3.2306883,"cpint-cpintfref","Before"
"110",3,7,"""Schoenberg_R""",62,2.0550435,2.4173183,"cpint-cpintfref","Before"
"111",3,8,"""Schoenberg_R""",57,6.800342,2.9061809,"cpint-cpintfref","Before"
"112",3,9,"""Schoenberg_R""",65,6.9735546,2.3874342,"cpint-cpintfref","Before"
"113",3,10,"""Schoenberg_R""",63,5.162409,2.392859,"cpint-cpintfref","Before"
"114",3,11,"""Schoenberg_R""",66,9.912343,2.5571303,"cpint-cpintfref","Before"
"115",3,12,"""Schoenberg_R""",64,3.76668,1.7304136,"cpint-cpintfref","Before"
"116",3,13,"""Schoenberg_R""",70,12.615091,2.5632823,"cpint-cpintfref","Before"
"117",4,1,"""Webern_froh_2""",79,5.2854023,5.285403,"cpint-cpintfref","Before"
"118",4,2,"""Webern_froh_2""",79,1.5981439,2.8743951,"cpint-cpintfref","Before"
"119",4,3,"""Webern_froh_2""",70,10.790963,2.8229685,"cpint-cpintfref","Before"
"120",4,4,"""Webern_froh_2""",59,10.698236,2.6632552,"cpint-cpintfref","Before"
"121",4,5,"""Webern_froh_2""",68,10.565094,2.3497548,"cpint-cpintfref","Before"
"122",4,6,"""Webern_froh_2""",68,3.472564,2.132194,"cpint-cpintfref","Before"
"123",4,7,"""Webern_froh_2""",73,7.002978,2.8462162,"cpint-cpintfref","Before"
"124",4,8,"""Webern_froh_2""",81,7.057795,1.6821734,"cpint-cpintfref","Before"
"125",4,9,"""Webern_froh_2""",72,9.268639,1.3781079,"cpint-cpintfref","Before"
"126",4,10,"""Webern_froh_2""",63,12.161823,2.5334914,"cpint-cpintfref","Before"
"127",4,11,"""Webern_froh_2""",76,10.779835,1.4438691,"cpint-cpintfref","Before"
"128",4,12,"""Webern_froh_2""",62,12.927636,2.6199114,"cpint-cpintfref","Before"
"129",5,1,"""Webern_qrt_V1_1""",61,5.2854023,5.285403,"cpint-cpintfref","Before"
"130",5,2,"""Webern_qrt_V1_1""",74,8.31064,2.9143019,"cpint-cpintfref","Before"
"131",5,3,"""Webern_qrt_V1_1""",83,8.093585,2.7132838,"cpint-cpintfref","Before"
"132",5,4,"""Webern_qrt_V1_1""",72,9.797913,1.7675073,"cpint-cpintfref","Before"
"133",5,5,"""Webern_qrt_V1_1""",80,10.99985,2.7316115,"cpint-cpintfref","Before"
"134",5,6,"""Webern_qrt_V1_1""",67,9.474208,2.0006087,"cpint-cpintfref","Before"
"135",5,7,"""Webern_qrt_V1_1""",82,1.013893,2.625612,"cpint-cpintfref","Before"
"136",5,8,"""Webern_qrt_V1_1""",69,1.0094895,2.3118725,"cpint-cpintfref","Before"
"137",5,9,"""Webern_qrt_V1_1""",77,6.117883,2.59584,"cpint-cpintfref","Before"
"138",5,10,"""Webern_qrt_V1_1""",66,11.862281,2.4431398,"cpint-cpintfref","Before"
"139",5,11,"""Webern_qrt_V1_1""",75,1.0075734,2.067224,"cpint-cpintfref","Before"
"140",5,12,"""Webern_qrt_V1_1""",88,10.045503,2.4072292,"cpint-cpintfref","Before"
"141",6,1,"""Webern_qrt_V2_2""",56,5.2854023,5.285403,"cpint-cpintfref","Before"
"142",6,2,"""Webern_qrt_V2_2""",72,9.578224,2.802079,"cpint-cpintfref","Before"
"143",6,3,"""Webern_qrt_V2_2""",59,11.411343,3.175993,"cpint-cpintfref","Before"
"144",6,4,"""Webern_qrt_V2_2""",61,9.271603,1.815872,"cpint-cpintfref","Before"
"145",6,5,"""Webern_qrt_V2_2""",77,10.547742,0.9370619,"cpint-cpintfref","Before"
"146",6,6,"""Webern_qrt_V2_2""",66,11.354645,2.5416965,"cpint-cpintfref","Before"
"147",6,7,"""Webern_qrt_V2_2""",75,1.0075734,2.067224,"cpint-cpintfref","Before"
"148",6,8,"""Webern_qrt_V2_2""",64,11.421066,2.3925562,"cpint-cpintfref","Before"
"149",6,9,"""Webern_qrt_V2_2""",68,10.533615,2.7033684,"cpint-cpintfref","Before"
"150",6,10,"""Webern_qrt_V2_2""",55,8.882664,2.7208445,"cpint-cpintfref","Before"
"151",6,11,"""Webern_qrt_V2_2""",70,1.0120082,2.5972311,"cpint-cpintfref","Before"
"152",6,12,"""Webern_qrt_V2_2""",57,1.0209922,2.5635324,"cpint-cpintfref","Before"
"153",1,1,"""Dallapiccola_quartina_1""",58,6.5391135,4.899951,"cpintfref","Before"
"154",1,2,"""Dallapiccola_quartina_1""",69,3.6791632,4.562399,"cpintfref","Before"
"155",1,3,"""Dallapiccola_quartina_1""",77,8.407208,4.5247245,"cpintfref","Before"
"156",1,4,"""Dallapiccola_quartina_1""",74,4.969884,4.9922757,"cpintfref","Before"
"157",1,5,"""Dallapiccola_quartina_1""",72,4.826721,4.975094,"cpintfref","Before"
"158",1,6,"""Dallapiccola_quartina_1""",72,4.3632836,4.568731,"cpintfref","Before"
"159",1,7,"""Dallapiccola_quartina_1""",66,7.055091,4.6697235,"cpintfref","Before"
"160",1,8,"""Dallapiccola_quartina_1""",67,2.7411056,4.057564,"cpintfref","Before"
"161",1,9,"""Dallapiccola_quartina_1""",75,9.731041,3.3791537,"cpintfref","Before"
"162",1,10,"""Dallapiccola_quartina_1""",75,4.029679,4.4112935,"cpintfref","Before"
"163",1,11,"""Dallapiccola_quartina_1""",73,7.3218465,4.590555,"cpintfref","Before"
"164",1,12,"""Dallapiccola_quartina_1""",68,12.32934,3.7263503,"cpintfref","Before"
"165",1,13,"""Dallapiccola_quartina_1""",59,5.315268,4.7452683,"cpintfref","Before"
"166",1,14,"""Dallapiccola_quartina_1""",40,5.2734475,4.6033206,"cpintfref","Before"
"167",2,1,"""Schoenberg_P""",70,6.8287873,4.918472,"cpintfref","Before"
"168",2,2,"""Schoenberg_P""",64,7.667252,4.5832343,"cpintfref","Before"
"169",2,3,"""Schoenberg_P""",66,6.942852,4.511209,"cpintfref","Before"
"170",2,4,"""Schoenberg_P""",63,9.118792,3.71082,"cpintfref","Before"
"171",2,5,"""Schoenberg_P""",65,5.159597,4.0234876,"cpintfref","Before"
"172",2,6,"""Schoenberg_P""",69,9.402414,4.0694075,"cpintfref","Before"
"173",2,7,"""Schoenberg_P""",62,5.353206,4.3197217,"cpintfref","Before"
"174",2,8,"""Schoenberg_P""",61,8.046073,4.6722126,"cpintfref","Before"
"175",2,9,"""Schoenberg_P""",67,8.763872,3.5494652,"cpintfref","Before"
"176",2,10,"""Schoenberg_P""",68,6.6918902,4.739315,"cpintfref","Before"
"177",2,11,"""Schoenberg_P""",59,7.506454,4.589011,"cpintfref","Before"
"178",2,12,"""Schoenberg_P""",59,6.556077,3.1565423,"cpintfref","Before"
"179",2,13,"""Schoenberg_P""",60,3.0572317,4.18077,"cpintfref","Before"
"180",3,1,"""Schoenberg_R""",60,4.188519,4.9185038,"cpintfref","Before"
"181",3,2,"""Schoenberg_R""",59,5.095378,4.652156,"cpintfref","Before"
"182",3,3,"""Schoenberg_R""",68,7.961838,4.2005725,"cpintfref","Before"
"183",3,4,"""Schoenberg_R""",67,5.2674713,3.4799738,"cpintfref","Before"
"184",3,5,"""Schoenberg_R""",67,4.057972,4.3947787,"cpintfref","Before"
"185",3,6,"""Schoenberg_R""",61,9.164818,4.594613,"cpintfref","Before"
"186",3,7,"""Schoenberg_R""",62,3.620499,4.678237,"cpintfref","Before"
"187",3,8,"""Schoenberg_R""",57,6.672577,4.4981112,"cpintfref","Before"
"188",3,9,"""Schoenberg_R""",65,5.6432157,4.1716423,"cpintfref","Before"
"189",3,10,"""Schoenberg_R""",63,7.128388,4.448993,"cpintfref","Before"
"190",3,11,"""Schoenberg_R""",66,9.705506,4.314918,"cpintfref","Before"
"191",3,12,"""Schoenberg_R""",64,5.6301622,4.13985,"cpintfref","Before"
"192",3,13,"""Schoenberg_R""",70,10.485003,4.416215,"cpintfref","Before"
"193",4,1,"""Webern_froh_2""",79,4.142617,4.918518,"cpintfref","Before"
"194",4,2,"""Webern_froh_2""",79,3.0402474,4.5999417,"cpintfref","Before"
"195",4,3,"""Webern_froh_2""",70,7.3599706,4.5862765,"cpintfref","Before"
"196",4,4,"""Webern_froh_2""",59,6.4133863,4.9088573,"cpintfref","Before"
"197",4,5,"""Webern_froh_2""",68,9.771079,3.5652196,"cpintfref","Before"
"198",4,6,"""Webern_froh_2""",68,4.223511,4.5260077,"cpintfref","Before"
"199",4,7,"""Webern_froh_2""",73,6.8844786,4.6789556,"cpintfref","Before"
"200",4,8,"""Webern_froh_2""",81,6.1737742,3.9442089,"cpintfref","Before"
"201",4,9,"""Webern_froh_2""",72,6.537804,4.255449,"cpintfref","Before"
"202",4,10,"""Webern_froh_2""",63,8.370532,4.6300955,"cpintfref","Before"
"203",4,11,"""Webern_froh_2""",76,7.2544475,4.474546,"cpintfref","Before"
"204",4,12,"""Webern_froh_2""",62,3.6043487,4.5320797,"cpintfref","Before"
"205",5,1,"""Webern_qrt_V1_1""",61,8.527157,4.9184923,"cpintfref","Before"
"206",5,2,"""Webern_qrt_V1_1""",74,3.8100479,4.945335,"cpintfref","Before"
"207",5,3,"""Webern_qrt_V1_1""",83,6.082966,4.783364,"cpintfref","Before"
"208",5,4,"""Webern_qrt_V1_1""",72,3.6798818,3.5797217,"cpintfref","Before"
"209",5,5,"""Webern_qrt_V1_1""",80,7.51717,4.724005,"cpintfref","Before"
"210",5,6,"""Webern_qrt_V1_1""",67,3.4938564,4.485118,"cpintfref","Before"
"211",5,7,"""Webern_qrt_V1_1""",82,7.4683776,4.248179,"cpintfref","Before"
"212",5,8,"""Webern_qrt_V1_1""",69,5.170841,4.976809,"cpintfref","Before"
"213",5,9,"""Webern_qrt_V1_1""",77,5.3505063,4.309724,"cpintfref","Before"
"214",5,10,"""Webern_qrt_V1_1""",66,8.7859955,4.6174603,"cpintfref","Before"
"215",5,11,"""Webern_qrt_V1_1""",75,6.801736,4.2486773,"cpintfref","Before"
"216",5,12,"""Webern_qrt_V1_1""",88,3.4529967,4.2472024,"cpintfref","Before"
"217",6,1,"""Webern_qrt_V2_2""",56,6.9972014,4.9184103,"cpintfref","Before"
"218",6,2,"""Webern_qrt_V2_2""",72,5.4854608,4.8217115,"cpintfref","Before"
"219",6,3,"""Webern_qrt_V2_2""",59,5.5058737,4.7774696,"cpintfref","Before"
"220",6,4,"""Webern_qrt_V2_2""",61,9.622918,3.9765396,"cpintfref","Before"
"221",6,5,"""Webern_qrt_V2_2""",77,8.557133,2.6833816,"cpintfref","Before"
"222",6,6,"""Webern_qrt_V2_2""",66,8.267884,4.7014184,"cpintfref","Before"
"223",6,7,"""Webern_qrt_V2_2""",75,6.500563,4.2938204,"cpintfref","Before"
"224",6,8,"""Webern_qrt_V2_2""",64,3.4909225,4.267498,"cpintfref","Before"
"225",6,9,"""Webern_qrt_V2_2""",68,9.310272,4.520134,"cpintfref","Before"
"226",6,10,"""Webern_qrt_V2_2""",55,3.6742558,4.7773232,"cpintfref","Before"
"227",6,11,"""Webern_qrt_V2_2""",70,7.027677,3.8100553,"cpintfref","Before"
"228",6,12,"""Webern_qrt_V2_2""",57,5.0648875,5.0068974,"cpintfref","Before"
"229",1,1,"""Dallapiccola_quartina_1""",58,6.1304116,4.4967794,"cpitch","Before"
"230",1,2,"""Dallapiccola_quartina_1""",69,6.356877,3.4075449,"cpitch","Before"
"231",1,3,"""Dallapiccola_quartina_1""",77,8.966204,2.4445524,"cpitch","Before"
"232",1,4,"""Dallapiccola_quartina_1""",74,2.6024761,3.1159196,"cpitch","Before"
"233",1,5,"""Dallapiccola_quartina_1""",72,0.5343315,1.8959967,"cpitch","Before"
"234",1,6,"""Dallapiccola_quartina_1""",72,2.485157,3.0087516,"cpitch","Before"
"235",1,7,"""Dallapiccola_quartina_1""",66,7.943369,3.187793,"cpitch","Before"
"236",1,8,"""Dallapiccola_quartina_1""",67,1.2605394,2.5034363,"cpitch","Before"
"237",1,9,"""Dallapiccola_quartina_1""",75,7.4841986,3.4730623,"cpitch","Before"
"238",1,10,"""Dallapiccola_quartina_1""",75,3.1449742,2.7314837,"cpitch","Before"
"239",1,11,"""Dallapiccola_quartina_1""",73,5.0280547,2.3619146,"cpitch","Before"
"240",1,12,"""Dallapiccola_quartina_1""",68,7.3045835,3.002801,"cpitch","Before"
"241",1,13,"""Dallapiccola_quartina_1""",59,8.881934,2.4439366,"cpitch","Before"
"242",1,14,"""Dallapiccola_quartina_1""",40,16.368065,2.5988567,"cpitch","Before"
"243",2,1,"""Schoenberg_P""",70,4.288243,4.553347,"cpitch","Before"
"244",2,2,"""Schoenberg_P""",64,6.4863043,3.4328907,"cpitch","Before"
"245",2,3,"""Schoenberg_P""",66,5.649137,1.8847004,"cpitch","Before"
"246",2,4,"""Schoenberg_P""",63,5.3145127,3.2910702,"cpitch","Before"
"247",2,5,"""Schoenberg_P""",65,5.7212324,1.955909,"cpitch","Before"
"248",2,6,"""Schoenberg_P""",69,5.0655775,2.9536245,"cpitch","Before"
"249",2,7,"""Schoenberg_P""",62,6.8810153,2.2087626,"cpitch","Before"
"250",2,8,"""Schoenberg_P""",61,7.168606,2.8120012,"cpitch","Before"
"251",2,9,"""Schoenberg_P""",67,7.45532,2.7560525,"cpitch","Before"
"252",2,10,"""Schoenberg_P""",68,5.2778563,3.576348,"cpitch","Before"
"253",2,11,"""Schoenberg_P""",59,9.816672,2.8605278,"cpitch","Before"
"254",2,12,"""Schoenberg_P""",59,2.2120125,3.2055762,"cpitch","Before"
"255",2,13,"""Schoenberg_P""",60,2.2370722,2.8399992,"cpitch","Before"
"256",3,1,"""Schoenberg_R""",60,4.421376,4.553346,"cpitch","Before"
"257",3,2,"""Schoenberg_R""",59,3.1436763,3.4171705,"cpitch","Before"
"258",3,3,"""Schoenberg_R""",68,7.962346,2.7592134,"cpitch","Before"
"259",3,4,"""Schoenberg_R""",67,3.5121763,3.4742177,"cpitch","Before"
"260",3,5,"""Schoenberg_R""",67,2.7148468,2.7088604,"cpitch","Before"
"261",3,6,"""Schoenberg_R""",61,9.676351,3.2630563,"cpitch","Before"
"262",3,7,"""Schoenberg_R""",62,0.94431424,2.8277142,"cpitch","Before"
"263",3,8,"""Schoenberg_R""",57,3.6038847,3.3694768,"cpitch","Before"
"264",3,9,"""Schoenberg_R""",65,7.290609,3.2949173,"cpitch","Before"
"265",3,10,"""Schoenberg_R""",63,5.466113,2.7606645,"cpitch","Before"
"266",3,11,"""Schoenberg_R""",66,7.6887126,3.249166,"cpitch","Before"
"267",3,12,"""Schoenberg_R""",64,1.5360733,2.9639368,"cpitch","Before"
"268",3,13,"""Schoenberg_R""",70,10.873643,3.2438478,"cpitch","Before"
"269",4,1,"""Webern_froh_2""",79,7.132111,4.5530214,"cpitch","Before"
"270",4,2,"""Webern_froh_2""",79,2.458288,3.819798,"cpitch","Before"
"271",4,3,"""Webern_froh_2""",70,6.1895914,3.5184286,"cpitch","Before"
"272",4,4,"""Webern_froh_2""",59,9.710054,3.0238547,"cpitch","Before"
"273",4,5,"""Webern_froh_2""",68,6.8950095,3.184891,"cpitch","Before"
"274",4,6,"""Webern_froh_2""",68,3.7499824,3.4831707,"cpitch","Before"
"275",4,7,"""Webern_froh_2""",73,5.3209887,3.8339975,"cpitch","Before"
"276",4,8,"""Webern_froh_2""",81,15.450106,2.8259368,"cpitch","Before"
"277",4,9,"""Webern_froh_2""",72,4.9682894,4.0282893,"cpitch","Before"
"278",4,10,"""Webern_froh_2""",63,8.381908,3.249421,"cpitch","Before"
"279",4,11,"""Webern_froh_2""",76,9.368442,2.8467631,"cpitch","Before"
"280",4,12,"""Webern_froh_2""",62,8.253693,3.0102015,"cpitch","Before"
"281",5,1,"""Webern_qrt_V1_1""",61,6.710479,4.4961643,"cpitch","Before"
"282",5,2,"""Webern_qrt_V1_1""",74,5.933967,3.7051222,"cpitch","Before"
"283",5,3,"""Webern_qrt_V1_1""",83,14.817075,3.2125142,"cpitch","Before"
"284",5,4,"""Webern_qrt_V1_1""",72,4.9783916,2.371748,"cpitch","Before"
"285",5,5,"""Webern_qrt_V1_1""",80,11.502256,3.2366462,"cpitch","Before"
"286",5,6,"""Webern_qrt_V1_1""",67,5.822161,2.7954428,"cpitch","Before"
"287",5,7,"""Webern_qrt_V1_1""",82,12.793518,3.5960186,"cpitch","Before"
"288",5,8,"""Webern_qrt_V1_1""",69,5.123011,2.1556685,"cpitch","Before"
"289",5,9,"""Webern_qrt_V1_1""",77,8.078931,3.2746658,"cpitch","Before"
"290",5,10,"""Webern_qrt_V1_1""",66,8.991065,2.9000678,"cpitch","Before"
"291",5,11,"""Webern_qrt_V1_1""",75,1.1008061,2.745694,"cpitch","Before"
"292",5,12,"""Webern_qrt_V1_1""",88,15.542558,2.6903555,"cpitch","Before"
"293",6,1,"""Webern_qrt_V2_2""",56,7.539028,4.5531373,"cpitch","Before"
"294",6,2,"""Webern_qrt_V2_2""",72,6.082664,3.913912,"cpitch","Before"
"295",6,3,"""Webern_qrt_V2_2""",59,9.540446,3.2430012,"cpitch","Before"
"296",6,4,"""Webern_qrt_V2_2""",61,3.9834075,3.1949904,"cpitch","Before"
"297",6,5,"""Webern_qrt_V2_2""",77,9.065969,3.2268236,"cpitch","Before"
"298",6,6,"""Webern_qrt_V2_2""",66,7.7387094,3.3590796,"cpitch","Before"
"299",6,7,"""Webern_qrt_V2_2""",75,1.1076888,2.7640116,"cpitch","Before"
"300",6,8,"""Webern_qrt_V2_2""",64,8.710386,2.68677,"cpitch","Before"
"301",6,9,"""Webern_qrt_V2_2""",68,5.8938518,3.6407874,"cpitch","Before"
"302",6,10,"""Webern_qrt_V2_2""",55,10.237477,2.6693268,"cpitch","Before"
"303",6,11,"""Webern_qrt_V2_2""",70,9.106307,3.4714448,"cpitch","Before"
"304",6,12,"""Webern_qrt_V2_2""",57,9.006579,3.3044362,"cpitch","Before"
"305",1,1,"""Dallapiccola_quartina_1""",58,5.2854023,5.285403,"cpitch-cpint","Before"
"306",1,2,"""Dallapiccola_quartina_1""",69,8.149509,3.4279613,"cpitch-cpint","Before"
"307",1,3,"""Dallapiccola_quartina_1""",77,9.17296,2.3500159,"cpitch-cpint","Before"
"308",1,4,"""Dallapiccola_quartina_1""",74,2.526581,2.9980159,"cpitch-cpint","Before"
"309",1,5,"""Dallapiccola_quartina_1""",72,0.52128047,1.8534869,"cpitch-cpint","Before"
"310",1,6,"""Dallapiccola_quartina_1""",72,2.51514,2.9396322,"cpitch-cpint","Before"
"311",1,7,"""Dallapiccola_quartina_1""",66,8.493594,3.115722,"cpitch-cpint","Before"
"312",1,8,"""Dallapiccola_quartina_1""",67,1.2180585,2.4152544,"cpitch-cpint","Before"
"313",1,9,"""Dallapiccola_quartina_1""",75,7.9351025,3.282003,"cpitch-cpint","Before"
"314",1,10,"""Dallapiccola_quartina_1""",75,3.1119993,2.64868,"cpitch-cpint","Before"
"315",1,11,"""Dallapiccola_quartina_1""",73,5.0037594,2.2852998,"cpitch-cpint","Before"
"316",1,12,"""Dallapiccola_quartina_1""",68,7.3621974,2.9636946,"cpitch-cpint","Before"
"317",1,13,"""Dallapiccola_quartina_1""",59,9.504607,2.2883291,"cpitch-cpint","Before"
"318",1,14,"""Dallapiccola_quartina_1""",40,10.946038,2.5809193,"cpitch-cpint","Before"
"319",2,1,"""Schoenberg_P""",70,5.2854023,5.285403,"cpitch-cpint","Before"
"320",2,2,"""Schoenberg_P""",64,7.776495,3.1917884,"cpitch-cpint","Before"
"321",2,3,"""Schoenberg_P""",66,5.6684294,1.7662114,"cpitch-cpint","Before"
"322",2,4,"""Schoenberg_P""",63,5.3139663,3.1409674,"cpitch-cpint","Before"
"323",2,5,"""Schoenberg_P""",65,5.783827,1.8764632,"cpitch-cpint","Before"
"324",2,6,"""Schoenberg_P""",69,5.364096,2.7316694,"cpitch-cpint","Before"
"325",2,7,"""Schoenberg_P""",62,6.93449,2.1843998,"cpitch-cpint","Before"
"326",2,8,"""Schoenberg_P""",61,7.1745987,2.6981864,"cpitch-cpint","Before"
"327",2,9,"""Schoenberg_P""",67,10.262586,2.6767275,"cpitch-cpint","Before"
"328",2,10,"""Schoenberg_P""",68,5.1650977,3.3279912,"cpitch-cpint","Before"
"329",2,11,"""Schoenberg_P""",59,10.492387,2.791331,"cpitch-cpint","Before"
"330",2,12,"""Schoenberg_P""",59,2.2152386,3.1761665,"cpitch-cpint","Before"
"331",2,13,"""Schoenberg_P""",60,2.181072,2.7949042,"cpitch-cpint","Before"
"332",3,1,"""Schoenberg_R""",60,5.2854023,5.285403,"cpitch-cpint","Before"
"333",3,2,"""Schoenberg_R""",59,2.9013512,3.402654,"cpitch-cpint","Before"
"334",3,3,"""Schoenberg_R""",68,8.04816,2.708779,"cpitch-cpint","Before"
"335",3,4,"""Schoenberg_R""",67,3.489349,3.2299192,"cpitch-cpint","Before"
"336",3,5,"""Schoenberg_R""",67,2.7542217,2.6113918,"cpitch-cpint","Before"
"337",3,6,"""Schoenberg_R""",61,11.757013,3.0390832,"cpitch-cpint","Before"
"338",3,7,"""Schoenberg_R""",62,0.78243095,2.490992,"cpitch-cpint","Before"
"339",3,8,"""Schoenberg_R""",57,3.4940047,3.1341677,"cpitch-cpint","Before"
"340",3,9,"""Schoenberg_R""",65,7.5546083,3.274297,"cpitch-cpint","Before"
"341",3,10,"""Schoenberg_R""",63,5.452799,2.5103035,"cpitch-cpint","Before"
"342",3,11,"""Schoenberg_R""",66,8.078085,3.1325474,"cpitch-cpint","Before"
"343",3,12,"""Schoenberg_R""",64,1.4446208,2.8202398,"cpitch-cpint","Before"
"344",3,13,"""Schoenberg_R""",70,14.01102,3.2245858,"cpitch-cpint","Before"
"345",4,1,"""Webern_froh_2""",79,5.2854023,5.285403,"cpitch-cpint","Before"
"346",4,2,"""Webern_froh_2""",79,3.0065267,3.6318903,"cpitch-cpint","Before"
"347",4,3,"""Webern_froh_2""",70,6.708753,3.4748266,"cpitch-cpint","Before"
"348",4,4,"""Webern_froh_2""",59,11.790602,2.8446975,"cpitch-cpint","Before"
"349",4,5,"""Webern_froh_2""",68,7.0312033,3.0543401,"cpitch-cpint","Before"
"350",4,6,"""Webern_froh_2""",68,3.9548311,3.2314475,"cpitch-cpint","Before"
"351",4,7,"""Webern_froh_2""",73,5.2280455,3.655369,"cpitch-cpint","Before"
"352",4,8,"""Webern_froh_2""",81,12.326857,2.7869487,"cpitch-cpint","Before"
"353",4,9,"""Webern_froh_2""",72,6.5565567,4.311381,"cpitch-cpint","Before"
"354",4,10,"""Webern_froh_2""",63,9.002816,3.1338515,"cpitch-cpint","Before"
"355",4,11,"""Webern_froh_2""",76,11.265175,2.7291403,"cpitch-cpint","Before"
"356",4,12,"""Webern_froh_2""",62,10.819174,2.9000835,"cpitch-cpint","Before"
"357",5,1,"""Webern_qrt_V1_1""",61,5.2854023,5.285403,"cpitch-cpint","Before"
"358",5,2,"""Webern_qrt_V1_1""",74,8.559022,3.3882008,"cpitch-cpint","Before"
"359",5,3,"""Webern_qrt_V1_1""",83,11.818487,3.0681748,"cpitch-cpint","Before"
"360",5,4,"""Webern_qrt_V1_1""",72,6.839939,2.657445,"cpitch-cpint","Before"
"361",5,5,"""Webern_qrt_V1_1""",80,10.788494,3.133412,"cpitch-cpint","Before"
"362",5,6,"""Webern_qrt_V1_1""",67,7.7196484,2.9022133,"cpitch-cpint","Before"
"363",5,7,"""Webern_qrt_V1_1""",82,11.600903,3.3189926,"cpitch-cpint","Before"
"364",5,8,"""Webern_qrt_V1_1""",69,7.4090724,2.3649282,"cpitch-cpint","Before"
"365",5,9,"""Webern_qrt_V1_1""",77,8.247683,3.2187696,"cpitch-cpint","Before"
"366",5,10,"""Webern_qrt_V1_1""",66,9.619006,2.8288605,"cpitch-cpint","Before"
"367",5,11,"""Webern_qrt_V1_1""",75,1.0172803,2.588812,"cpitch-cpint","Before"
"368",5,12,"""Webern_qrt_V1_1""",88,10.823484,2.5935316,"cpitch-cpint","Before"
"369",6,1,"""Webern_qrt_V2_2""",56,5.2854023,5.285403,"cpitch-cpint","Before"
"370",6,2,"""Webern_qrt_V2_2""",72,7.8938346,3.8520374,"cpitch-cpint","Before"
"371",6,3,"""Webern_qrt_V2_2""",59,11.712789,3.1259854,"cpitch-cpint","Before"
"372",6,4,"""Webern_qrt_V2_2""",61,3.9383676,3.0578303,"cpitch-cpint","Before"
"373",6,5,"""Webern_qrt_V2_2""",77,9.453343,2.9090757,"cpitch-cpint","Before"
"374",6,6,"""Webern_qrt_V2_2""",66,8.446886,3.2126682,"cpitch-cpint","Before"
"375",6,7,"""Webern_qrt_V2_2""",75,1.0172803,2.588812,"cpitch-cpint","Before"
"376",6,8,"""Webern_qrt_V2_2""",64,10.823484,2.5935318,"cpitch-cpint","Before"
"377",6,9,"""Webern_qrt_V2_2""",68,5.986336,3.3951497,"cpitch-cpint","Before"
"378",6,10,"""Webern_qrt_V2_2""",55,12.111193,2.5798573,"cpitch-cpint","Before"
"379",6,11,"""Webern_qrt_V2_2""",70,10.206774,3.4757984,"cpitch-cpint","Before"
"380",6,12,"""Webern_qrt_V2_2""",57,10.911363,3.1787045,"cpitch-cpint","Before"
"381",1,1,"""Dallapiccola_quartina_1""",58,5.2854023,5.285403,"cpitch-cpint-cpintfref","Before"
"382",1,2,"""Dallapiccola_quartina_1""",69,7.3890734,2.6796763,"cpitch-cpint-cpintfref","Before"
"383",1,3,"""Dallapiccola_quartina_1""",77,11.447718,2.685639,"cpitch-cpint-cpintfref","Before"
"384",1,4,"""Dallapiccola_quartina_1""",74,3.5368063,3.9141464,"cpitch-cpint-cpintfref","Before"
"385",1,5,"""Dallapiccola_quartina_1""",72,1.4658539,2.5658102,"cpitch-cpint-cpintfref","Before"
"386",1,6,"""Dallapiccola_quartina_1""",72,3.3004127,2.3030741,"cpitch-cpint-cpintfref","Before"
"387",1,7,"""Dallapiccola_quartina_1""",66,7.227581,2.2279804,"cpitch-cpint-cpintfref","Before"
"388",1,8,"""Dallapiccola_quartina_1""",67,1.401688,2.342652,"cpitch-cpint-cpintfref","Before"
"389",1,9,"""Dallapiccola_quartina_1""",75,11.888273,2.5449276,"cpitch-cpint-cpintfref","Before"
"390",1,10,"""Dallapiccola_quartina_1""",75,3.2621744,3.4565995,"cpitch-cpint-cpintfref","Before"
"391",1,11,"""Dallapiccola_quartina_1""",73,8.401494,2.6138766,"cpitch-cpint-cpintfref","Before"
"392",1,12,"""Dallapiccola_quartina_1""",68,9.270934,1.8755627,"cpitch-cpint-cpintfref","Before"
"393",1,13,"""Dallapiccola_quartina_1""",59,6.362143,4.497156,"cpitch-cpint-cpintfref","Before"
"394",1,14,"""Dallapiccola_quartina_1""",40,7.012208,3.9312272,"cpitch-cpint-cpintfref","Before"
"395",2,1,"""Schoenberg_P""",70,5.2854023,5.285403,"cpitch-cpint-cpintfref","Before"
"396",2,2,"""Schoenberg_P""",64,7.3677173,3.9786115,"cpitch-cpint-cpintfref","Before"
"397",2,3,"""Schoenberg_P""",66,6.790938,2.8092573,"cpitch-cpint-cpintfref","Before"
"398",2,4,"""Schoenberg_P""",63,9.514758,1.5903649,"cpitch-cpint-cpintfref","Before"
"399",2,5,"""Schoenberg_P""",65,2.3002913,4.0856786,"cpitch-cpint-cpintfref","Before"
"400",2,6,"""Schoenberg_P""",69,6.3625064,2.837187,"cpitch-cpint-cpintfref","Before"
"401",2,7,"""Schoenberg_P""",62,4.4501305,2.5800283,"cpitch-cpint-cpintfref","Before"
"402",2,8,"""Schoenberg_P""",61,9.30514,2.402858,"cpitch-cpint-cpintfref","Before"
"403",2,9,"""Schoenberg_P""",67,8.885569,1.2236476,"cpitch-cpint-cpintfref","Before"
"404",2,10,"""Schoenberg_P""",68,6.837291,3.2923946,"cpitch-cpint-cpintfref","Before"
"405",2,11,"""Schoenberg_P""",59,8.407722,2.8266628,"cpitch-cpint-cpintfref","Before"
"406",2,12,"""Schoenberg_P""",59,3.142471,2.5016372,"cpitch-cpint-cpintfref","Before"
"407",2,13,"""Schoenberg_P""",60,1.1869547,2.506377,"cpitch-cpint-cpintfref","Before"
"408",3,1,"""Schoenberg_R""",60,5.2854023,5.285403,"cpitch-cpint-cpintfref","Before"
"409",3,2,"""Schoenberg_R""",59,2.1784317,3.0766127,"cpitch-cpint-cpintfref","Before"
"410",3,3,"""Schoenberg_R""",68,9.425144,2.3678827,"cpitch-cpint-cpintfref","Before"
"411",3,4,"""Schoenberg_R""",67,2.478951,2.6388083,"cpitch-cpint-cpintfref","Before"
"412",3,5,"""Schoenberg_R""",67,2.5427413,2.2479084,"cpitch-cpint-cpintfref","Before"
"413",3,6,"""Schoenberg_R""",61,10.76378,3.0496829,"cpitch-cpint-cpintfref","Before"
"414",3,7,"""Schoenberg_R""",62,1.0560197,3.4493654,"cpitch-cpint-cpintfref","Before"
"415",3,8,"""Schoenberg_R""",57,8.8611145,2.4027722,"cpitch-cpint-cpintfref","Before"
"416",3,9,"""Schoenberg_R""",65,6.290487,2.4821784,"cpitch-cpint-cpintfref","Before"
"417",3,10,"""Schoenberg_R""",63,6.5340548,2.0329876,"cpitch-cpint-cpintfref","Before"
"418",3,11,"""Schoenberg_R""",66,8.628306,2.834213,"cpitch-cpint-cpintfref","Before"
"419",3,12,"""Schoenberg_R""",64,1.9245349,3.1882486,"cpitch-cpint-cpintfref","Before"
"420",3,13,"""Schoenberg_R""",70,12.709421,0.8630698,"cpitch-cpint-cpintfref","Before"
"421",4,1,"""Webern_froh_2""",79,5.2854023,5.285403,"cpitch-cpint-cpintfref","Before"
"422",4,2,"""Webern_froh_2""",79,6.5587735,3.9935536,"cpitch-cpint-cpintfref","Before"
"423",4,3,"""Webern_froh_2""",70,4.155803,4.6596975,"cpitch-cpint-cpintfref","Before"
"424",4,4,"""Webern_froh_2""",59,8.523298,2.8156686,"cpitch-cpint-cpintfref","Before"
"425",4,5,"""Webern_froh_2""",68,8.583598,2.4912038,"cpitch-cpint-cpintfref","Before"
"426",4,6,"""Webern_froh_2""",68,3.1750848,2.5138135,"cpitch-cpint-cpintfref","Before"
"427",4,7,"""Webern_froh_2""",73,8.256843,3.0154788,"cpitch-cpint-cpintfref","Before"
"428",4,8,"""Webern_froh_2""",81,7.014845,2.8818874,"cpitch-cpint-cpintfref","Before"
"429",4,9,"""Webern_froh_2""",72,5.2854023,5.285403,"cpitch-cpint-cpintfref","Before"
"430",4,10,"""Webern_froh_2""",63,6.865871,3.3240757,"cpitch-cpint-cpintfref","Before"
"431",4,11,"""Webern_froh_2""",76,9.15719,1.7274926,"cpitch-cpint-cpintfref","Before"
"432",4,12,"""Webern_froh_2""",62,9.116803,2.426947,"cpitch-cpint-cpintfref","Before"
"433",5,1,"""Webern_qrt_V1_1""",61,5.2854023,5.285403,"cpitch-cpint-cpintfref","Before"
"434",5,2,"""Webern_qrt_V1_1""",74,7.239691,2.9708874,"cpitch-cpint-cpintfref","Before"
"435",5,3,"""Webern_qrt_V1_1""",83,9.315011,2.871,"cpitch-cpint-cpintfref","Before"
"436",5,4,"""Webern_qrt_V1_1""",72,5.2854023,5.285403,"cpitch-cpint-cpintfref","Before"
"437",5,5,"""Webern_qrt_V1_1""",80,9.276194,3.2868123,"cpitch-cpint-cpintfref","Before"
"438",5,6,"""Webern_qrt_V1_1""",67,5.2854023,5.285403,"cpitch-cpint-cpintfref","Before"
"439",5,7,"""Webern_qrt_V1_1""",82,9.58282,3.263408,"cpitch-cpint-cpintfref","Before"
"440",5,8,"""Webern_qrt_V1_1""",69,5.2854023,5.285403,"cpitch-cpint-cpintfref","Before"
"441",5,9,"""Webern_qrt_V1_1""",77,10.017285,2.5750632,"cpitch-cpint-cpintfref","Before"
"442",5,10,"""Webern_qrt_V1_1""",66,5.054601,3.9426923,"cpitch-cpint-cpintfref","Before"
"443",5,11,"""Webern_qrt_V1_1""",75,0.9862892,2.4371026,"cpitch-cpint-cpintfref","Before"
"444",5,12,"""Webern_qrt_V1_1""",88,8.133973,2.8669524,"cpitch-cpint-cpintfref","Before"
"445",6,1,"""Webern_qrt_V2_2""",56,5.2854023,5.285403,"cpitch-cpint-cpintfref","Before"
"446",6,2,"""Webern_qrt_V2_2""",72,6.54632,4.0360575,"cpitch-cpint-cpintfref","Before"
"447",6,3,"""Webern_qrt_V2_2""",59,9.276194,3.2868123,"cpitch-cpint-cpintfref","Before"
"448",6,4,"""Webern_qrt_V2_2""",61,7.4516373,2.4927573,"cpitch-cpint-cpintfref","Before"
"449",6,5,"""Webern_qrt_V2_2""",77,8.438134,1.575874,"cpitch-cpint-cpintfref","Before"
"450",6,6,"""Webern_qrt_V2_2""",66,5.054601,3.9426923,"cpitch-cpint-cpintfref","Before"
"451",6,7,"""Webern_qrt_V2_2""",75,0.9862892,2.4371026,"cpitch-cpint-cpintfref","Before"
"452",6,8,"""Webern_qrt_V2_2""",64,8.133973,2.8669527,"cpitch-cpint-cpintfref","Before"
"453",6,9,"""Webern_qrt_V2_2""",68,10.196059,2.7856355,"cpitch-cpint-cpintfref","Before"
"454",6,10,"""Webern_qrt_V2_2""",55,7.542262,3.5101492,"cpitch-cpint-cpintfref","Before"
"455",6,11,"""Webern_qrt_V2_2""",70,9.935142,3.2552023,"cpitch-cpint-cpintfref","Before"
"456",6,12,"""Webern_qrt_V2_2""",57,7.3677173,3.978611,"cpitch-cpint-cpintfref","Before"
"457",1,1,"""Dallapiccola_quartina_1""",58,9.753893,3.3861096,"cpitch-cpintfref","Before"
"458",1,2,"""Dallapiccola_quartina_1""",69,4.6929903,2.2471097,"cpitch-cpintfref","Before"
"459",1,3,"""Dallapiccola_quartina_1""",77,10.880698,2.8425233,"cpitch-cpintfref","Before"
"460",1,4,"""Dallapiccola_quartina_1""",74,3.0806212,3.3258197,"cpitch-cpintfref","Before"
"461",1,5,"""Dallapiccola_quartina_1""",72,1.6255565,2.762917,"cpitch-cpintfref","Before"
"462",1,6,"""Dallapiccola_quartina_1""",72,3.2269669,2.6084263,"cpitch-cpintfref","Before"
"463",1,7,"""Dallapiccola_quartina_1""",66,6.402432,2.54764,"cpitch-cpintfref","Before"
"464",1,8,"""Dallapiccola_quartina_1""",67,1.5941273,2.7095792,"cpitch-cpintfref","Before"
"465",1,9,"""Dallapiccola_quartina_1""",75,10.065367,2.816189,"cpitch-cpintfref","Before"
"466",1,10,"""Dallapiccola_quartina_1""",75,3.6397731,3.0013583,"cpitch-cpintfref","Before"
"467",1,11,"""Dallapiccola_quartina_1""",73,8.86095,2.564993,"cpitch-cpintfref","Before"
"468",1,12,"""Dallapiccola_quartina_1""",68,12.57768,1.8082178,"cpitch-cpintfref","Before"
"469",1,13,"""Dallapiccola_quartina_1""",59,8.896863,3.3271904,"cpitch-cpintfref","Before"
"470",1,14,"""Dallapiccola_quartina_1""",40,13.4291,3.3562553,"cpitch-cpintfref","Before"
"471",2,1,"""Schoenberg_P""",70,6.620902,4.204753,"cpitch-cpintfref","Before"
"472",2,2,"""Schoenberg_P""",64,5.0544796,3.8147874,"cpitch-cpintfref","Before"
"473",2,3,"""Schoenberg_P""",66,6.909743,3.117777,"cpitch-cpintfref","Before"
"474",2,4,"""Schoenberg_P""",63,11.166769,1.5488524,"cpitch-cpintfref","Before"
"475",2,5,"""Schoenberg_P""",65,2.737472,3.9125724,"cpitch-cpintfref","Before"
"476",2,6,"""Schoenberg_P""",69,5.9941807,2.994131,"cpitch-cpintfref","Before"
"477",2,7,"""Schoenberg_P""",62,4.3093166,2.6620235,"cpitch-cpintfref","Before"
"478",2,8,"""Schoenberg_P""",61,9.39678,2.4554048,"cpitch-cpintfref","Before"
"479",2,9,"""Schoenberg_P""",67,6.5999427,1.2290301,"cpitch-cpintfref","Before"
"480",2,10,"""Schoenberg_P""",68,7.0385222,3.576338,"cpitch-cpintfref","Before"
"481",2,11,"""Schoenberg_P""",59,6.5558596,2.7954416,"cpitch-cpintfref","Before"
"482",2,12,"""Schoenberg_P""",59,3.1559098,2.6272068,"cpitch-cpintfref","Before"
"483",2,13,"""Schoenberg_P""",60,1.2570994,2.6087809,"cpitch-cpintfref","Before"
"484",3,1,"""Schoenberg_R""",60,2.8918934,4.2047925,"cpitch-cpintfref","Before"
"485",3,2,"""Schoenberg_R""",59,2.463875,3.2241702,"cpitch-cpintfref","Before"
"486",3,3,"""Schoenberg_R""",68,9.622782,2.4510248,"cpitch-cpintfref","Before"
"487",3,4,"""Schoenberg_R""",67,2.5173342,2.6805685,"cpitch-cpintfref","Before"
"488",3,5,"""Schoenberg_R""",67,2.558501,2.5628436,"cpitch-cpintfref","Before"
"489",3,6,"""Schoenberg_R""",61,10.32562,3.2983491,"cpitch-cpintfref","Before"
"490",3,7,"""Schoenberg_R""",62,1.1961088,3.1745272,"cpitch-cpintfref","Before"
"491",3,8,"""Schoenberg_R""",57,8.104236,2.4570444,"cpitch-cpintfref","Before"
"492",3,9,"""Schoenberg_R""",65,6.0081363,2.568018,"cpitch-cpintfref","Before"
"493",3,10,"""Schoenberg_R""",63,6.5978923,2.2173243,"cpitch-cpintfref","Before"
"494",3,11,"""Schoenberg_R""",66,10.719679,2.8869336,"cpitch-cpintfref","Before"
"495",3,12,"""Schoenberg_R""",64,1.8822201,2.8887699,"cpitch-cpintfref","Before"
"496",3,13,"""Schoenberg_R""",70,11.760153,1.0222394,"cpitch-cpintfref","Before"
"497",4,1,"""Webern_froh_2""",79,8.641829,4.1646776,"cpitch-cpintfref","Before"
"498",4,2,"""Webern_froh_2""",79,9.0175,3.6934383,"cpitch-cpintfref","Before"
"499",4,3,"""Webern_froh_2""",70,3.9031904,4.0053463,"cpitch-cpintfref","Before"
"500",4,4,"""Webern_froh_2""",59,6.474477,2.8769803,"cpitch-cpintfref","Before"
"501",4,5,"""Webern_froh_2""",68,8.828552,2.6327906,"cpitch-cpintfref","Before"
"502",4,6,"""Webern_froh_2""",68,3.266514,2.55486,"cpitch-cpintfref","Before"
"503",4,7,"""Webern_froh_2""",73,11.261331,3.0104876,"cpitch-cpintfref","Before"
"504",4,8,"""Webern_froh_2""",81,11.974606,2.5306413,"cpitch-cpintfref","Before"
"505",4,9,"""Webern_froh_2""",72,4.36948,4.3828793,"cpitch-cpintfref","Before"
"506",4,10,"""Webern_froh_2""",63,7.023726,3.3378274,"cpitch-cpintfref","Before"
"507",4,11,"""Webern_froh_2""",76,9.528352,1.9084604,"cpitch-cpintfref","Before"
"508",4,12,"""Webern_froh_2""",62,6.76898,2.3873196,"cpitch-cpintfref","Before"
"509",5,1,"""Webern_qrt_V1_1""",61,8.231154,4.1030397,"cpitch-cpintfref","Before"
"510",5,2,"""Webern_qrt_V1_1""",74,6.8359966,2.783136,"cpitch-cpintfref","Before"
"511",5,3,"""Webern_qrt_V1_1""",83,14.643417,2.851734,"cpitch-cpintfref","Before"
"512",5,4,"""Webern_qrt_V1_1""",72,4.330315,4.407579,"cpitch-cpintfref","Before"
"513",5,5,"""Webern_qrt_V1_1""",80,13.713115,3.2907453,"cpitch-cpintfref","Before"
"514",5,6,"""Webern_qrt_V1_1""",67,3.6880286,4.3345976,"cpitch-cpintfref","Before"
"515",5,7,"""Webern_qrt_V1_1""",82,11.830317,3.565388,"cpitch-cpintfref","Before"
"516",5,8,"""Webern_qrt_V1_1""",69,4.42544,4.2867723,"cpitch-cpintfref","Before"
"517",5,9,"""Webern_qrt_V1_1""",77,11.263965,2.6718051,"cpitch-cpintfref","Before"
"518",5,10,"""Webern_qrt_V1_1""",66,5.3195844,3.69869,"cpitch-cpintfref","Before"
"519",5,11,"""Webern_qrt_V1_1""",75,1.0215203,2.3280997,"cpitch-cpintfref","Before"
"520",5,12,"""Webern_qrt_V1_1""",88,12.995523,2.721318,"cpitch-cpintfref","Before"
"521",6,1,"""Webern_qrt_V2_2""",56,8.472012,4.203079,"cpitch-cpintfref","Before"
"522",6,2,"""Webern_qrt_V2_2""",72,5.463003,3.504624,"cpitch-cpintfref","Before"
"523",6,3,"""Webern_qrt_V2_2""",59,7.266716,3.3034217,"cpitch-cpintfref","Before"
"524",6,4,"""Webern_qrt_V2_2""",61,7.686251,2.6431468,"cpitch-cpintfref","Before"
"525",6,5,"""Webern_qrt_V2_2""",77,10.263671,1.6259319,"cpitch-cpintfref","Before"
"526",6,6,"""Webern_qrt_V2_2""",66,5.276087,3.7627974,"cpitch-cpintfref","Before"
"527",6,7,"""Webern_qrt_V2_2""",75,1.0235636,2.3405957,"cpitch-cpintfref","Before"
"528",6,8,"""Webern_qrt_V2_2""",64,6.089331,2.7740695,"cpitch-cpintfref","Before"
"529",6,9,"""Webern_qrt_V2_2""",68,9.796147,3.034038,"cpitch-cpintfref","Before"
"530",6,10,"""Webern_qrt_V2_2""",55,5.360421,3.3338416,"cpitch-cpintfref","Before"
"531",6,11,"""Webern_qrt_V2_2""",70,10.065164,3.282463,"cpitch-cpintfref","Before"
"532",6,12,"""Webern_qrt_V2_2""",57,6.1334553,3.745385,"cpitch-cpintfref","Before"
"533",1,1,"""Dallapiccola_quartina_2""",90,5.4594316,5.45943,"cpint","After"
"534",1,2,"""Dallapiccola_quartina_2""",83,5.556891,2.1911697,"cpint","After"
"535",1,3,"""Dallapiccola_quartina_2""",62,16.39009,2.8714836,"cpint","After"
"536",1,4,"""Dallapiccola_quartina_2""",57,5.196689,3.6439471,"cpint","After"
"537",1,5,"""Dallapiccola_quartina_2""",55,2.6217432,3.629862,"cpint","After"
"538",1,6,"""Dallapiccola_quartina_2""",51,5.8216166,3.295439,"cpint","After"
"539",1,7,"""Dallapiccola_quartina_2""",76,18.64613,2.977162,"cpint","After"
"540",1,8,"""Dallapiccola_quartina_2""",76,2.4406345,3.519965,"cpint","After"
"541",1,9,"""Dallapiccola_quartina_2""",58,14.031008,3.4111922,"cpint","After"
"542",1,10,"""Dallapiccola_quartina_2""",56,2.2937655,3.4536657,"cpint","After"
"543",1,11,"""Dallapiccola_quartina_2""",53,4.200701,3.4686563,"cpint","After"
"544",1,12,"""Dallapiccola_quartina_2""",61,6.5126796,3.3710296,"cpint","After"
"545",1,13,"""Dallapiccola_quartina_2""",72,13.599568,3.2197332,"cpint","After"
"546",2,1,"""Schoenberg_I""",79,5.4594316,5.45943,"cpint","After"
"547",2,2,"""Schoenberg_I""",85,10.632485,3.4102886,"cpint","After"
"548",2,3,"""Schoenberg_I""",83,2.66457,2.863495,"cpint","After"
"549",2,4,"""Schoenberg_I""",86,5.2599897,2.7763016,"cpint","After"
"550",2,5,"""Schoenberg_I""",84,2.897785,2.8999996,"cpint","After"
"551",2,6,"""Schoenberg_I""",80,5.7370143,3.2315564,"cpint","After"
"552",2,7,"""Schoenberg_I""",75,5.494388,2.7235415,"cpint","After"
"553",2,8,"""Schoenberg_I""",88,12.249167,3.5718873,"cpint","After"
"554",2,9,"""Schoenberg_I""",82,9.819222,3.177558,"cpint","After"
"555",2,10,"""Schoenberg_I""",81,5.263813,2.8671417,"cpint","After"
"556",2,11,"""Schoenberg_I""",90,7.684206,3.1677356,"cpint","After"
"557",2,12,"""Schoenberg_I""",90,1.9095081,2.21475,"cpint","After"
"558",2,13,"""Schoenberg_I""",89,4.0071654,1.9514976,"cpint","After"
"559",3,1,"""Schoenberg_RI""",65,5.4594316,5.45943,"cpint","After"
"560",3,2,"""Schoenberg_RI""",66,3.73603,3.4897125,"cpint","After"
"561",3,3,"""Schoenberg_RI""",69,5.0279126,3.5714037,"cpint","After"
"562",3,4,"""Schoenberg_RI""",70,3.9210138,3.3512561,"cpint","After"
"563",3,5,"""Schoenberg_RI""",64,7.9173384,3.6273532,"cpint","After"
"564",3,6,"""Schoenberg_RI""",75,7.299492,2.8953333,"cpint","After"
"565",3,7,"""Schoenberg_RI""",68,7.2152643,3.1018655,"cpint","After"
"566",3,8,"""Schoenberg_RI""",72,3.381264,3.5705662,"cpint","After"
"567",3,9,"""Schoenberg_RI""",74,5.4309845,2.6420531,"cpint","After"
"568",3,10,"""Schoenberg_RI""",71,5.637672,2.5828815,"cpint","After"
"569",3,11,"""Schoenberg_RI""",71,2.9341486,3.3305368,"cpint","After"
"570",3,12,"""Schoenberg_RI""",73,3.3822975,3.2456229,"cpint","After"
"571",3,13,"""Schoenberg_RI""",67,10.006739,3.314482,"cpint","After"
"572",3,14,"""Schoenberg_RI""",67,3.1944392,3.4387827,"cpint","After"
"573",4,1,"""Webern_froh_1""",67,5.4594316,5.45943,"cpint","After"
"574",4,2,"""Webern_froh_1""",64,4.1228175,3.4959521,"cpint","After"
"575",4,3,"""Webern_froh_1""",75,11.744391,3.567792,"cpint","After"
"576",4,4,"""Webern_froh_1""",78,5.0350327,3.8152075,"cpint","After"
"577",4,5,"""Webern_froh_1""",73,4.862966,3.3253796,"cpint","After"
"578",4,6,"""Webern_froh_1""",65,8.715418,3.37413,"cpint","After"
"579",4,7,"""Webern_froh_1""",62,6.7234836,2.8913841,"cpint","After"
"580",4,8,"""Webern_froh_1""",59,3.8130848,3.759978,"cpint","After"
"581",4,9,"""Webern_froh_1""",70,11.58337,2.9792905,"cpint","After"
"582",4,10,"""Webern_froh_1""",72,4.4025655,2.9787033,"cpint","After"
"583",4,11,"""Webern_froh_1""",69,4.0200377,3.3990917,"cpint","After"
"584",4,12,"""Webern_froh_1""",80,8.961428,3.5882833,"cpint","After"
"585",4,13,"""Webern_froh_1""",67,11.3221245,3.246793,"cpint","After"
"586",4,14,"""Webern_froh_1""",76,7.784551,3.6058547,"cpint","After"
"587",4,15,"""Webern_froh_1""",63,13.5978,2.8185623,"cpint","After"
"588",4,16,"""Webern_froh_1""",66,4.7147703,3.9189532,"cpint","After"
"589",5,1,"""Webern_qrt_V1_2""",72,5.4594316,5.45943,"cpint","After"
"590",5,2,"""Webern_qrt_V1_2""",83,11.263249,3.4822354,"cpint","After"
"591",5,3,"""Webern_qrt_V1_2""",74,8.853926,3.4256663,"cpint","After"
"592",5,4,"""Webern_qrt_V1_2""",61,11.715772,3.7548227,"cpint","After"
"593",5,5,"""Webern_qrt_V1_2""",69,3.9336884,3.75526,"cpint","After"
"594",5,6,"""Webern_qrt_V1_2""",82,14.126097,2.8709605,"cpint","After"
"595",5,7,"""Webern_qrt_V1_2""",67,14.355506,3.557834,"cpint","After"
"596",5,8,"""Webern_qrt_V1_2""",80,11.003167,3.5697238,"cpint","After"
"597",5,9,"""Webern_qrt_V1_2""",88,5.6161857,3.9194598,"cpint","After"
"598",5,10,"""Webern_qrt_V1_2""",75,7.5289497,2.8642478,"cpint","After"
"599",5,11,"""Webern_qrt_V1_2""",66,9.373362,3.0240116,"cpint","After"
"600",5,12,"""Webern_qrt_V1_2""",77,4.517115,4.6049685,"cpint","After"
"601",6,1,"""Webern_qrt_V2_1""",68,5.4594316,5.45943,"cpint","After"
"602",6,2,"""Webern_qrt_V2_1""",55,11.365311,3.4885433,"cpint","After"
"603",6,3,"""Webern_qrt_V2_1""",70,3.0573328,3.645532,"cpint","After"
"604",6,4,"""Webern_qrt_V2_1""",73,6.9376163,1.7182014,"cpint","After"
"605",6,5,"""Webern_qrt_V2_1""",62,13.466255,3.3761737,"cpint","After"
"606",6,6,"""Webern_qrt_V2_1""",71,2.1068957,3.3417134,"cpint","After"
"607",6,7,"""Webern_qrt_V2_1""",60,3.0062804,3.0479617,"cpint","After"
"608",6,8,"""Webern_qrt_V2_1""",75,15.381402,2.2322316,"cpint","After"
"609",6,9,"""Webern_qrt_V2_1""",66,8.758745,3.227699,"cpint","After"
"610",6,10,"""Webern_qrt_V2_1""",77,7.340324,3.8227453,"cpint","After"
"611",6,11,"""Webern_qrt_V2_1""",57,13.515519,3.7552698,"cpint","After"
"612",6,12,"""Webern_qrt_V2_1""",70,11.385962,3.589167,"cpint","After"
"613",6,13,"""Webern_qrt_V2_1""",67,4.980871,4.0669665,"cpint","After"
"614",1,1,"""Dallapiccola_quartina_2""",90,5.4594316,5.45943,"cpint-cpintfref","After"
"615",1,2,"""Dallapiccola_quartina_2""",83,9.470693,2.387358,"cpint-cpintfref","After"
"616",1,3,"""Dallapiccola_quartina_2""",62,12.622654,2.2281435,"cpint-cpintfref","After"
"617",1,4,"""Dallapiccola_quartina_2""",57,7.2271037,2.75534,"cpint-cpintfref","After"
"618",1,5,"""Dallapiccola_quartina_2""",55,1.3812557,2.758489,"cpint-cpintfref","After"
"619",1,6,"""Dallapiccola_quartina_2""",51,8.924637,2.967657,"cpint-cpintfref","After"
"620",1,7,"""Dallapiccola_quartina_2""",76,11.485315,2.7749586,"cpint-cpintfref","After"
"621",1,8,"""Dallapiccola_quartina_2""",76,2.337252,2.7110083,"cpint-cpintfref","After"
"622",1,9,"""Dallapiccola_quartina_2""",58,13.1810665,2.6482463,"cpint-cpintfref","After"
"623",1,10,"""Dallapiccola_quartina_2""",56,2.0832086,3.1278293,"cpint-cpintfref","After"
"624",1,11,"""Dallapiccola_quartina_2""",53,4.032395,2.1958408,"cpint-cpintfref","After"
"625",1,12,"""Dallapiccola_quartina_2""",61,13.085088,2.819537,"cpint-cpintfref","After"
"626",1,13,"""Dallapiccola_quartina_2""",72,8.149367,3.2840278,"cpint-cpintfref","After"
"627",2,1,"""Schoenberg_I""",79,5.4594316,5.45943,"cpint-cpintfref","After"
"628",2,2,"""Schoenberg_I""",85,11.318273,2.7311053,"cpint-cpintfref","After"
"629",2,3,"""Schoenberg_I""",83,8.558879,1.568007,"cpint-cpintfref","After"
"630",2,4,"""Schoenberg_I""",86,4.0379343,2.1775513,"cpint-cpintfref","After"
"631",2,5,"""Schoenberg_I""",84,0.49959645,1.5394229,"cpint-cpintfref","After"
"632",2,6,"""Schoenberg_I""",80,8.772545,2.8782547,"cpint-cpintfref","After"
"633",2,7,"""Schoenberg_I""",75,7.329335,2.8043482,"cpint-cpintfref","After"
"634",2,8,"""Schoenberg_I""",88,11.031194,2.4257116,"cpint-cpintfref","After"
"635",2,9,"""Schoenberg_I""",82,8.606846,1.8602442,"cpint-cpintfref","After"
"636",2,10,"""Schoenberg_I""",81,2.2794263,2.659039,"cpint-cpintfref","After"
"637",2,11,"""Schoenberg_I""",90,14.042099,2.5048566,"cpint-cpintfref","After"
"638",2,12,"""Schoenberg_I""",90,2.8932848,2.641932,"cpint-cpintfref","After"
"639",2,13,"""Schoenberg_I""",89,0.8978226,2.723004,"cpint-cpintfref","After"
"640",3,1,"""Schoenberg_RI""",65,5.4594316,5.45943,"cpint-cpintfref","After"
"641",3,2,"""Schoenberg_RI""",66,8.131151,3.2301953,"cpint-cpintfref","After"
"642",3,3,"""Schoenberg_RI""",69,6.1765575,2.7386544,"cpint-cpintfref","After"
"643",3,4,"""Schoenberg_RI""",70,3.5356333,2.8211453,"cpint-cpintfref","After"
"644",3,5,"""Schoenberg_RI""",64,7.210656,2.5450377,"cpint-cpintfref","After"
"645",3,6,"""Schoenberg_RI""",75,12.740999,1.9691187,"cpint-cpintfref","After"
"646",3,7,"""Schoenberg_RI""",68,7.316815,2.3536503,"cpint-cpintfref","After"
"647",3,8,"""Schoenberg_RI""",72,2.4760149,2.9540024,"cpint-cpintfref","After"
"648",3,9,"""Schoenberg_RI""",74,4.090796,2.5228245,"cpint-cpintfref","After"
"649",3,10,"""Schoenberg_RI""",71,6.9135966,2.491448,"cpint-cpintfref","After"
"650",3,11,"""Schoenberg_RI""",71,5.806002,0.6810013,"cpint-cpintfref","After"
"651",3,12,"""Schoenberg_RI""",73,7.51323,2.5816092,"cpint-cpintfref","After"
"652",3,13,"""Schoenberg_RI""",67,9.236631,1.2738419,"cpint-cpintfref","After"
"653",3,14,"""Schoenberg_RI""",67,3.3048651,3.1315749,"cpint-cpintfref","After"
"654",4,1,"""Webern_froh_1""",67,5.4594316,5.45943,"cpint-cpintfref","After"
"655",4,2,"""Webern_froh_1""",64,3.1683586,3.2576835,"cpint-cpintfref","After"
"656",4,3,"""Webern_froh_1""",75,13.424227,2.769529,"cpint-cpintfref","After"
"657",4,4,"""Webern_froh_1""",78,8.391935,2.9108284,"cpint-cpintfref","After"
"658",4,5,"""Webern_froh_1""",73,8.645662,2.1232088,"cpint-cpintfref","After"
"659",4,6,"""Webern_froh_1""",65,9.192268,2.6140313,"cpint-cpintfref","After"
"660",4,7,"""Webern_froh_1""",62,3.1153607,2.6595771,"cpint-cpintfref","After"
"661",4,8,"""Webern_froh_1""",59,4.0597425,2.760174,"cpint-cpintfref","After"
"662",4,9,"""Webern_froh_1""",70,11.965668,2.319591,"cpint-cpintfref","After"
"663",4,10,"""Webern_froh_1""",72,3.1756883,2.588418,"cpint-cpintfref","After"
"664",4,11,"""Webern_froh_1""",69,5.101049,3.3119557,"cpint-cpintfref","After"
"665",4,12,"""Webern_froh_1""",80,12.50706,2.53002,"cpint-cpintfref","After"
"666",4,13,"""Webern_froh_1""",67,7.328346,2.821121,"cpint-cpintfref","After"
"667",4,14,"""Webern_froh_1""",76,7.3565435,1.6198463,"cpint-cpintfref","After"
"668",4,15,"""Webern_froh_1""",63,13.084619,2.4671173,"cpint-cpintfref","After"
"669",4,16,"""Webern_froh_1""",66,8.809503,2.4921317,"cpint-cpintfref","After"
"670",5,1,"""Webern_qrt_V1_2""",72,5.4594316,5.45943,"cpint-cpintfref","After"
"671",5,2,"""Webern_qrt_V1_2""",83,10.221845,3.2224915,"cpint-cpintfref","After"
"672",5,3,"""Webern_qrt_V1_2""",74,8.932036,2.1410964,"cpint-cpintfref","After"
"673",5,4,"""Webern_qrt_V1_2""",61,13.0549555,2.819514,"cpint-cpintfref","After"
"674",5,5,"""Webern_qrt_V1_2""",69,5.278216,3.3766768,"cpint-cpintfref","After"
"675",5,6,"""Webern_qrt_V1_2""",82,11.709045,2.2845192,"cpint-cpintfref","After"
"676",5,7,"""Webern_qrt_V1_2""",67,10.985621,2.2867956,"cpint-cpintfref","After"
"677",5,8,"""Webern_qrt_V1_2""",80,12.772108,3.2530317,"cpint-cpintfref","After"
"678",5,9,"""Webern_qrt_V1_2""",88,8.48424,2.8193142,"cpint-cpintfref","After"
"679",5,10,"""Webern_qrt_V1_2""",75,12.081191,2.1917906,"cpint-cpintfref","After"
"680",5,11,"""Webern_qrt_V1_2""",66,9.418896,2.4433913,"cpint-cpintfref","After"
"681",5,12,"""Webern_qrt_V1_2""",77,2.0614657,2.496607,"cpint-cpintfref","After"
"682",6,1,"""Webern_qrt_V2_1""",68,5.4594316,5.45943,"cpint-cpintfref","After"
"683",6,2,"""Webern_qrt_V2_1""",55,7.293849,2.9157853,"cpint-cpintfref","After"
"684",6,3,"""Webern_qrt_V2_1""",70,1.3488187,2.762761,"cpint-cpintfref","After"
"685",6,4,"""Webern_qrt_V2_1""",73,11.356015,1.9817073,"cpint-cpintfref","After"
"686",6,5,"""Webern_qrt_V2_1""",62,8.149367,3.2840283,"cpint-cpintfref","After"
"687",6,6,"""Webern_qrt_V2_1""",71,8.053748,2.7552254,"cpint-cpintfref","After"
"688",6,7,"""Webern_qrt_V2_1""",60,7.0261,2.4588022,"cpint-cpintfref","After"
"689",6,8,"""Webern_qrt_V2_1""",75,13.823664,2.5188048,"cpint-cpintfref","After"
"690",6,9,"""Webern_qrt_V2_1""",66,8.392703,2.9163902,"cpint-cpintfref","After"
"691",6,10,"""Webern_qrt_V2_1""",77,2.0614657,2.496607,"cpint-cpintfref","After"
"692",6,11,"""Webern_qrt_V2_1""",57,12.296378,2.636902,"cpint-cpintfref","After"
"693",6,12,"""Webern_qrt_V2_1""",70,10.966811,2.5855434,"cpint-cpintfref","After"
"694",6,13,"""Webern_qrt_V2_1""",67,3.9823432,2.6649814,"cpint-cpintfref","After"
"695",1,1,"""Dallapiccola_quartina_2""",90,7.610377,5.109447,"cpintfref","After"
"696",1,2,"""Dallapiccola_quartina_2""",83,7.4477043,4.561584,"cpintfref","After"
"697",1,3,"""Dallapiccola_quartina_2""",62,5.400116,4.475549,"cpintfref","After"
"698",1,4,"""Dallapiccola_quartina_2""",57,6.7501593,4.8855176,"cpintfref","After"
"699",1,5,"""Dallapiccola_quartina_2""",55,3.1384072,4.4803276,"cpintfref","After"
"700",1,6,"""Dallapiccola_quartina_2""",51,8.569825,4.7856045,"cpintfref","After"
"701",1,7,"""Dallapiccola_quartina_2""",76,7.142416,4.8118825,"cpintfref","After"
"702",1,8,"""Dallapiccola_quartina_2""",76,4.762197,4.8964696,"cpintfref","After"
"703",1,9,"""Dallapiccola_quartina_2""",58,9.736305,4.8209696,"cpintfref","After"
"704",1,10,"""Dallapiccola_quartina_2""",56,5.3135257,5.000866,"cpintfref","After"
"705",1,11,"""Dallapiccola_quartina_2""",53,5.8096757,4.256053,"cpintfref","After"
"706",1,12,"""Dallapiccola_quartina_2""",61,9.290735,4.896108,"cpintfref","After"
"707",1,13,"""Dallapiccola_quartina_2""",72,4.2266817,4.9103937,"cpintfref","After"
"708",2,1,"""Schoenberg_I""",79,4.4271054,5.0233626,"cpintfref","After"
"709",2,2,"""Schoenberg_I""",85,9.176856,4.635237,"cpintfref","After"
"710",2,3,"""Schoenberg_I""",83,7.4727626,4.880658,"cpintfref","After"
"711",2,4,"""Schoenberg_I""",86,5.7001367,5.1608934,"cpintfref","After"
"712",2,5,"""Schoenberg_I""",84,2.6955144,3.8420255,"cpintfref","After"
"713",2,6,"""Schoenberg_I""",80,7.801393,4.76494,"cpintfref","After"
"714",2,7,"""Schoenberg_I""",75,7.2631803,4.378525,"cpintfref","After"
"715",2,8,"""Schoenberg_I""",88,6.8300242,5.148861,"cpintfref","After"
"716",2,9,"""Schoenberg_I""",82,8.184431,4.7286434,"cpintfref","After"
"717",2,10,"""Schoenberg_I""",81,3.4881208,4.460231,"cpintfref","After"
"718",2,11,"""Schoenberg_I""",90,10.460932,4.491808,"cpintfref","After"
"719",2,12,"""Schoenberg_I""",90,7.3266,4.6924562,"cpintfref","After"
"720",2,13,"""Schoenberg_I""",89,4.8149037,4.575249,"cpintfref","After"
"721",3,1,"""Schoenberg_RI""",65,4.5931582,5.0234714,"cpintfref","After"
"722",3,2,"""Schoenberg_RI""",66,8.185228,4.8383336,"cpintfref","After"
"723",3,3,"""Schoenberg_RI""",69,5.511314,4.7733197,"cpintfref","After"
"724",3,4,"""Schoenberg_RI""",70,5.2380576,4.709372,"cpintfref","After"
"725",3,5,"""Schoenberg_RI""",64,8.5192585,4.403968,"cpintfref","After"
"726",3,6,"""Schoenberg_RI""",75,8.880221,4.4301505,"cpintfref","After"
"727",3,7,"""Schoenberg_RI""",68,6.494631,5.070387,"cpintfref","After"
"728",3,8,"""Schoenberg_RI""",72,5.296504,4.557971,"cpintfref","After"
"729",3,9,"""Schoenberg_RI""",74,5.9262443,4.453657,"cpintfref","After"
"730",3,10,"""Schoenberg_RI""",71,7.848709,4.7295594,"cpintfref","After"
"731",3,11,"""Schoenberg_RI""",71,7.784093,3.349167,"cpintfref","After"
"732",3,12,"""Schoenberg_RI""",73,7.9017572,5.0039973,"cpintfref","After"
"733",3,13,"""Schoenberg_RI""",67,8.910152,3.4529364,"cpintfref","After"
"734",3,14,"""Schoenberg_RI""",67,4.545979,4.707564,"cpintfref","After"
"735",4,1,"""Webern_froh_1""",67,4.154357,5.1093264,"cpintfref","After"
"736",4,2,"""Webern_froh_1""",64,5.6186333,4.738099,"cpintfref","After"
"737",4,3,"""Webern_froh_1""",75,9.0598545,4.686676,"cpintfref","After"
"738",4,4,"""Webern_froh_1""",78,5.903081,5.071877,"cpintfref","After"
"739",4,5,"""Webern_froh_1""",73,9.256579,4.9590564,"cpintfref","After"
"740",4,6,"""Webern_froh_1""",65,6.5069537,4.8490477,"cpintfref","After"
"741",4,7,"""Webern_froh_1""",62,5.9478464,4.4892616,"cpintfref","After"
"742",4,8,"""Webern_froh_1""",59,5.8184814,4.8452926,"cpintfref","After"
"743",4,9,"""Webern_froh_1""",70,9.763256,4.241777,"cpintfref","After"
"744",4,10,"""Webern_froh_1""",72,5.066585,4.9810977,"cpintfref","After"
"745",4,11,"""Webern_froh_1""",69,6.1142025,5.1115594,"cpintfref","After"
"746",4,12,"""Webern_froh_1""",80,8.84481,4.278721,"cpintfref","After"
"747",4,13,"""Webern_froh_1""",67,3.7760231,4.8766346,"cpintfref","After"
"748",4,14,"""Webern_froh_1""",76,8.1769705,3.4853814,"cpintfref","After"
"749",4,15,"""Webern_froh_1""",63,9.222402,4.567643,"cpintfref","After"
"750",4,16,"""Webern_froh_1""",66,3.216727,4.5756636,"cpintfref","After"
"751",5,1,"""Webern_qrt_V1_2""",72,4.6148953,5.1094475,"cpintfref","After"
"752",5,2,"""Webern_qrt_V1_2""",83,5.073247,4.8736115,"cpintfref","After"
"753",5,3,"""Webern_qrt_V1_2""",74,5.7700276,4.4174495,"cpintfref","After"
"754",5,4,"""Webern_qrt_V1_2""",61,8.296905,4.7994123,"cpintfref","After"
"755",5,5,"""Webern_qrt_V1_2""",69,6.0754943,3.9700248,"cpintfref","After"
"756",5,6,"""Webern_qrt_V1_2""",82,5.9321156,3.939985,"cpintfref","After"
"757",5,7,"""Webern_qrt_V1_2""",67,4.573232,5.1038914,"cpintfref","After"
"758",5,8,"""Webern_qrt_V1_2""",80,4.455201,5.065378,"cpintfref","After"
"759",5,9,"""Webern_qrt_V1_2""",88,8.684951,4.390847,"cpintfref","After"
"760",5,10,"""Webern_qrt_V1_2""",75,3.8370068,4.6670604,"cpintfref","After"
"761",5,11,"""Webern_qrt_V1_2""",66,5.6508737,4.5668845,"cpintfref","After"
"762",5,12,"""Webern_qrt_V1_2""",77,5.6578703,5.161283,"cpintfref","After"
"763",6,1,"""Webern_qrt_V2_1""",68,6.952442,5.109406,"cpintfref","After"
"764",6,2,"""Webern_qrt_V2_1""",55,3.8785346,4.9333572,"cpintfref","After"
"765",6,3,"""Webern_qrt_V2_1""",70,6.1994805,4.700676,"cpintfref","After"
"766",6,4,"""Webern_qrt_V2_1""",73,8.955913,5.0394626,"cpintfref","After"
"767",6,5,"""Webern_qrt_V2_1""",62,4.1902556,5.1308913,"cpintfref","After"
"768",6,6,"""Webern_qrt_V2_1""",71,6.009625,5.028924,"cpintfref","After"
"769",6,7,"""Webern_qrt_V2_1""",60,3.4268923,4.158328,"cpintfref","After"
"770",6,8,"""Webern_qrt_V2_1""",75,7.3371873,5.0010905,"cpintfref","After"
"771",6,9,"""Webern_qrt_V2_1""",66,8.768371,4.6843667,"cpintfref","After"
"772",6,10,"""Webern_qrt_V2_1""",77,5.5787964,5.0514755,"cpintfref","After"
"773",6,11,"""Webern_qrt_V2_1""",57,5.4695554,4.6373835,"cpintfref","After"
"774",6,12,"""Webern_qrt_V2_1""",70,8.034014,4.2144737,"cpintfref","After"
"775",6,13,"""Webern_qrt_V2_1""",67,4.3126216,5.1824417,"cpintfref","After"
"776",1,1,"""Dallapiccola_quartina_2""",90,9.1788,4.5884676,"cpitch","After"
"777",1,2,"""Dallapiccola_quartina_2""",83,9.780889,3.907372,"cpitch","After"
"778",1,3,"""Dallapiccola_quartina_2""",62,4.864512,4.3395734,"cpitch","After"
"779",1,4,"""Dallapiccola_quartina_2""",57,5.774258,3.9745739,"cpitch","After"
"780",1,5,"""Dallapiccola_quartina_2""",55,2.7858925,3.4431298,"cpitch","After"
"781",1,6,"""Dallapiccola_quartina_2""",51,8.220632,2.977264,"cpitch","After"
"782",1,7,"""Dallapiccola_quartina_2""",76,8.266085,3.0959468,"cpitch","After"
"783",1,8,"""Dallapiccola_quartina_2""",76,2.4256968,3.1476796,"cpitch","After"
"784",1,9,"""Dallapiccola_quartina_2""",58,9.754983,3.1985958,"cpitch","After"
"785",1,10,"""Dallapiccola_quartina_2""",56,3.8435147,3.4375165,"cpitch","After"
"786",1,11,"""Dallapiccola_quartina_2""",53,2.8108888,2.655107,"cpitch","After"
"787",1,12,"""Dallapiccola_quartina_2""",61,11.66067,2.9480543,"cpitch","After"
"788",1,13,"""Dallapiccola_quartina_2""",72,5.567284,3.6985273,"cpitch","After"
"789",2,1,"""Schoenberg_I""",79,7.4039416,4.446408,"cpitch","After"
"790",2,2,"""Schoenberg_I""",85,13.51293,3.760329,"cpitch","After"
"791",2,3,"""Schoenberg_I""",83,8.844095,4.8153124,"cpitch","After"
"792",2,4,"""Schoenberg_I""",86,11.568332,4.0629377,"cpitch","After"
"793",2,5,"""Schoenberg_I""",84,9.3958435,4.7448378,"cpitch","After"
"794",2,6,"""Schoenberg_I""",80,8.560476,4.749928,"cpitch","After"
"795",2,7,"""Schoenberg_I""",75,6.937077,4.3384624,"cpitch","After"
"796",2,8,"""Schoenberg_I""",88,9.328754,3.4521403,"cpitch","After"
"797",2,9,"""Schoenberg_I""",82,11.444952,3.2097356,"cpitch","After"
"798",2,10,"""Schoenberg_I""",81,11.406817,3.2842183,"cpitch","After"
"799",2,11,"""Schoenberg_I""",90,11.417607,4.1227846,"cpitch","After"
"800",2,12,"""Schoenberg_I""",90,11.773913,3.2532277,"cpitch","After"
"801",2,13,"""Schoenberg_I""",89,10.686766,3.764368,"cpitch","After"
"802",3,1,"""Schoenberg_RI""",65,4.1093793,4.5893326,"cpitch","After"
"803",3,2,"""Schoenberg_RI""",66,6.8552575,3.7287502,"cpitch","After"
"804",3,3,"""Schoenberg_RI""",69,4.2678323,3.2683072,"cpitch","After"
"805",3,4,"""Schoenberg_RI""",70,4.0246735,3.267435,"cpitch","After"
"806",3,5,"""Schoenberg_RI""",64,7.966991,3.1173856,"cpitch","After"
"807",3,6,"""Schoenberg_RI""",75,10.078288,2.4639776,"cpitch","After"
"808",3,7,"""Schoenberg_RI""",68,7.5762796,2.792511,"cpitch","After"
"809",3,8,"""Schoenberg_RI""",72,4.0949683,3.6755562,"cpitch","After"
"810",3,9,"""Schoenberg_RI""",74,5.224563,2.1379776,"cpitch","After"
"811",3,10,"""Schoenberg_RI""",71,3.7400887,3.0993602,"cpitch","After"
"812",3,11,"""Schoenberg_RI""",71,2.6257362,3.0434115,"cpitch","After"
"813",3,12,"""Schoenberg_RI""",73,3.6715715,2.9117343,"cpitch","After"
"814",3,13,"""Schoenberg_RI""",67,8.800993,2.6144345,"cpitch","After"
"815",3,14,"""Schoenberg_RI""",67,3.1092715,2.8659303,"cpitch","After"
"816",4,1,"""Webern_froh_1""",67,3.526271,4.5890236,"cpitch","After"
"817",4,2,"""Webern_froh_1""",64,4.336838,3.6326685,"cpitch","After"
"818",4,3,"""Webern_froh_1""",75,8.562218,3.6250594,"cpitch","After"
"819",4,4,"""Webern_froh_1""",78,8.372793,2.7999554,"cpitch","After"
"820",4,5,"""Webern_froh_1""",73,6.9526196,2.6885376,"cpitch","After"
"821",4,6,"""Webern_froh_1""",65,8.729174,2.5744178,"cpitch","After"
"822",4,7,"""Webern_froh_1""",62,3.9674914,3.6856077,"cpitch","After"
"823",4,8,"""Webern_froh_1""",59,4.971444,3.4959993,"cpitch","After"
"824",4,9,"""Webern_froh_1""",70,9.170492,2.757365,"cpitch","After"
"825",4,10,"""Webern_froh_1""",72,2.494895,3.3860605,"cpitch","After"
"826",4,11,"""Webern_froh_1""",69,3.2261877,3.1213393,"cpitch","After"
"827",4,12,"""Webern_froh_1""",80,16.363401,2.9308898,"cpitch","After"
"828",4,13,"""Webern_froh_1""",67,3.688926,4.430288,"cpitch","After"
"829",4,14,"""Webern_froh_1""",76,7.3144736,3.0734963,"cpitch","After"
"830",4,15,"""Webern_froh_1""",63,11.0607395,2.2713723,"cpitch","After"
"831",4,16,"""Webern_froh_1""",66,6.185381,3.724255,"cpitch","After"
"832",5,1,"""Webern_qrt_V1_2""",72,3.658347,4.5885415,"cpitch","After"
"833",5,2,"""Webern_qrt_V1_2""",83,13.204733,3.2719061,"cpitch","After"
"834",5,3,"""Webern_qrt_V1_2""",74,4.6921973,4.1722317,"cpitch","After"
"835",5,4,"""Webern_qrt_V1_2""",61,11.17891,3.1425552,"cpitch","After"
"836",5,5,"""Webern_qrt_V1_2""",69,4.4997663,4.214239,"cpitch","After"
"837",5,6,"""Webern_qrt_V1_2""",82,14.768505,2.9734864,"cpitch","After"
"838",5,7,"""Webern_qrt_V1_2""",67,4.778729,3.2813394,"cpitch","After"
"839",5,8,"""Webern_qrt_V1_2""",80,11.824971,3.576126,"cpitch","After"
"840",5,9,"""Webern_qrt_V1_2""",88,10.400798,4.317025,"cpitch","After"
"841",5,10,"""Webern_qrt_V1_2""",75,6.933846,3.3224678,"cpitch","After"
"842",5,11,"""Webern_qrt_V1_2""",66,7.6748414,3.4161508,"cpitch","After"
"843",5,12,"""Webern_qrt_V1_2""",77,1.1133984,2.791018,"cpitch","After"
"844",6,1,"""Webern_qrt_V2_1""",68,5.476115,4.589162,"cpitch","After"
"845",6,2,"""Webern_qrt_V2_1""",55,7.185056,3.808844,"cpitch","After"
"846",6,3,"""Webern_qrt_V2_1""",70,1.0714797,2.7858226,"cpitch","After"
"847",6,4,"""Webern_qrt_V2_1""",73,8.425606,2.787018,"cpitch","After"
"848",6,5,"""Webern_qrt_V2_1""",62,8.871843,2.8830822,"cpitch","After"
"849",6,6,"""Webern_qrt_V2_1""",71,5.1525207,3.9889345,"cpitch","After"
"850",6,7,"""Webern_qrt_V2_1""",60,10.514299,2.5882328,"cpitch","After"
"851",6,8,"""Webern_qrt_V2_1""",75,10.295408,3.411375,"cpitch","After"
"852",6,9,"""Webern_qrt_V2_1""",66,7.621388,3.4810271,"cpitch","After"
"853",6,10,"""Webern_qrt_V2_1""",77,1.1152982,2.797651,"cpitch","After"
"854",6,11,"""Webern_qrt_V2_1""",57,8.925367,3.3316517,"cpitch","After"
"855",6,12,"""Webern_qrt_V2_1""",70,8.602278,3.3462784,"cpitch","After"
"856",6,13,"""Webern_qrt_V2_1""",67,3.4553716,3.5719428,"cpitch","After"
"857",1,1,"""Dallapiccola_quartina_2""",90,5.4594316,5.45943,"cpitch-cpint","After"
"858",1,2,"""Dallapiccola_quartina_2""",83,6.184938,4.518354,"cpitch-cpint","After"
"859",1,3,"""Dallapiccola_quartina_2""",62,6.2375712,4.7368016,"cpitch-cpint","After"
"860",1,4,"""Dallapiccola_quartina_2""",57,6.051797,3.5679035,"cpitch-cpint","After"
"861",1,5,"""Dallapiccola_quartina_2""",55,2.6239417,3.4035838,"cpitch-cpint","After"
"862",1,6,"""Dallapiccola_quartina_2""",51,8.179667,2.942738,"cpitch-cpint","After"
"863",1,7,"""Dallapiccola_quartina_2""",76,8.581806,3.175088,"cpitch-cpint","After"
"864",1,8,"""Dallapiccola_quartina_2""",76,2.3970654,2.9301102,"cpitch-cpint","After"
"865",1,9,"""Dallapiccola_quartina_2""",58,10.957679,2.9737258,"cpitch-cpint","After"
"866",1,10,"""Dallapiccola_quartina_2""",56,3.7299192,3.4287827,"cpitch-cpint","After"
"867",1,11,"""Dallapiccola_quartina_2""",53,2.7855325,2.6660433,"cpitch-cpint","After"
"868",1,12,"""Dallapiccola_quartina_2""",61,10.230064,2.9304621,"cpitch-cpint","After"
"869",1,13,"""Dallapiccola_quartina_2""",72,8.74594,3.441539,"cpitch-cpint","After"
"870",2,1,"""Schoenberg_I""",79,5.4594316,5.45943,"cpitch-cpint","After"
"871",2,2,"""Schoenberg_I""",85,8.806234,3.6407921,"cpitch-cpint","After"
"872",2,3,"""Schoenberg_I""",83,5.4594316,5.45943,"cpitch-cpint","After"
"873",2,4,"""Schoenberg_I""",86,6.2375712,4.736801,"cpitch-cpint","After"
"874",2,5,"""Schoenberg_I""",84,5.4594316,5.45943,"cpitch-cpint","After"
"875",2,6,"""Schoenberg_I""",80,5.4594316,5.45943,"cpitch-cpint","After"
"876",2,7,"""Schoenberg_I""",75,6.5386744,4.69699,"cpitch-cpint","After"
"877",2,8,"""Schoenberg_I""",88,8.636805,3.2739663,"cpitch-cpint","After"
"878",2,9,"""Schoenberg_I""",82,6.3092103,3.9372811,"cpitch-cpint","After"
"879",2,10,"""Schoenberg_I""",81,6.9438567,3.6717997,"cpitch-cpint","After"
"880",2,11,"""Schoenberg_I""",90,6.620473,4.58521,"cpitch-cpint","After"
"881",2,12,"""Schoenberg_I""",90,6.3092113,3.9372811,"cpitch-cpint","After"
"882",2,13,"""Schoenberg_I""",89,6.169476,4.459772,"cpitch-cpint","After"
"883",3,1,"""Schoenberg_RI""",65,5.4594316,5.45943,"cpitch-cpint","After"
"884",3,2,"""Schoenberg_RI""",66,9.113912,3.3408675,"cpitch-cpint","After"
"885",3,3,"""Schoenberg_RI""",69,4.35062,3.0949295,"cpitch-cpint","After"
"886",3,4,"""Schoenberg_RI""",70,3.98366,3.1804132,"cpitch-cpint","After"
"887",3,5,"""Schoenberg_RI""",64,9.203949,2.991406,"cpitch-cpint","After"
"888",3,6,"""Schoenberg_RI""",75,12.19716,2.2590785,"cpitch-cpint","After"
"889",3,7,"""Schoenberg_RI""",68,7.804047,2.6132882,"cpitch-cpint","After"
"890",3,8,"""Schoenberg_RI""",72,4.070683,3.5429227,"cpitch-cpint","After"
"891",3,9,"""Schoenberg_RI""",74,5.249936,2.0977411,"cpitch-cpint","After"
"892",3,10,"""Schoenberg_RI""",71,3.7084496,3.0404644,"cpitch-cpint","After"
"893",3,11,"""Schoenberg_RI""",71,2.617772,2.9880188,"cpitch-cpint","After"
"894",3,12,"""Schoenberg_RI""",73,3.561457,2.8411515,"cpitch-cpint","After"
"895",3,13,"""Schoenberg_RI""",67,11.761389,2.5535874,"cpitch-cpint","After"
"896",3,14,"""Schoenberg_RI""",67,3.0990005,2.5876186,"cpitch-cpint","After"
"897",4,1,"""Webern_froh_1""",67,5.4594316,5.45943,"cpitch-cpint","After"
"898",4,2,"""Webern_froh_1""",64,4.2661924,3.321714,"cpitch-cpint","After"
"899",4,3,"""Webern_froh_1""",75,10.962401,3.3623822,"cpitch-cpint","After"
"900",4,4,"""Webern_froh_1""",78,8.302491,2.6058667,"cpitch-cpint","After"
"901",4,5,"""Webern_froh_1""",73,7.0865307,2.6294274,"cpitch-cpint","After"
"902",4,6,"""Webern_froh_1""",65,11.77097,2.4916933,"cpitch-cpint","After"
"903",4,7,"""Webern_froh_1""",62,3.7726088,3.3428812,"cpitch-cpint","After"
"904",4,8,"""Webern_froh_1""",59,4.9052095,3.2462056,"cpitch-cpint","After"
"905",4,9,"""Webern_froh_1""",70,11.158949,2.700473,"cpitch-cpint","After"
"906",4,10,"""Webern_froh_1""",72,2.3601713,3.1829457,"cpitch-cpint","After"
"907",4,11,"""Webern_froh_1""",69,3.2090178,3.0444226,"cpitch-cpint","After"
"908",4,12,"""Webern_froh_1""",80,14.931615,2.9126086,"cpitch-cpint","After"
"909",4,13,"""Webern_froh_1""",67,4.5289726,4.8728485,"cpitch-cpint","After"
"910",4,14,"""Webern_froh_1""",76,8.047123,2.7113261,"cpitch-cpint","After"
"911",4,15,"""Webern_froh_1""",63,12.690866,2.1862261,"cpitch-cpint","After"
"912",4,16,"""Webern_froh_1""",66,6.400078,3.540359,"cpitch-cpint","After"
"913",5,1,"""Webern_qrt_V1_2""",72,5.4594316,5.45943,"cpitch-cpint","After"
"914",5,2,"""Webern_qrt_V1_2""",83,11.972728,3.1243584,"cpitch-cpint","After"
"915",5,3,"""Webern_qrt_V1_2""",74,6.2375712,4.736801,"cpitch-cpint","After"
"916",5,4,"""Webern_qrt_V1_2""",61,12.042349,3.0683239,"cpitch-cpint","After"
"917",5,5,"""Webern_qrt_V1_2""",69,6.8733892,3.4901905,"cpitch-cpint","After"
"918",5,6,"""Webern_qrt_V1_2""",82,13.233076,2.9120865,"cpitch-cpint","After"
"919",5,7,"""Webern_qrt_V1_2""",67,6.9438567,3.6717992,"cpitch-cpint","After"
"920",5,8,"""Webern_qrt_V1_2""",80,11.89195,3.3143556,"cpitch-cpint","After"
"921",5,9,"""Webern_qrt_V1_2""",88,6.538674,4.6969905,"cpitch-cpint","After"
"922",5,10,"""Webern_qrt_V1_2""",75,6.3092113,3.9372811,"cpitch-cpint","After"
"923",5,11,"""Webern_qrt_V1_2""",66,8.636805,3.2739666,"cpitch-cpint","After"
"924",5,12,"""Webern_qrt_V1_2""",77,1.0150241,2.5961642,"cpitch-cpint","After"
"925",6,1,"""Webern_qrt_V2_1""",68,5.4594316,5.45943,"cpitch-cpint","After"
"926",6,2,"""Webern_qrt_V2_1""",55,8.917383,3.5113678,"cpitch-cpint","After"
"927",6,3,"""Webern_qrt_V2_1""",70,1.0191492,2.7322183,"cpitch-cpint","After"
"928",6,4,"""Webern_qrt_V2_1""",73,9.351285,2.5868182,"cpitch-cpint","After"
"929",6,5,"""Webern_qrt_V2_1""",62,11.889697,2.7983584,"cpitch-cpint","After"
"930",6,6,"""Webern_qrt_V2_1""",71,6.0187716,3.5679169,"cpitch-cpint","After"
"931",6,7,"""Webern_qrt_V2_1""",60,13.548851,2.5560517,"cpitch-cpint","After"
"932",6,8,"""Webern_qrt_V2_1""",75,10.90165,3.3848095,"cpitch-cpint","After"
"933",6,9,"""Webern_qrt_V2_1""",66,8.636805,3.2739666,"cpitch-cpint","After"
"934",6,10,"""Webern_qrt_V2_1""",77,1.0150241,2.5961642,"cpitch-cpint","After"
"935",6,11,"""Webern_qrt_V2_1""",57,10.113419,3.2159526,"cpitch-cpint","After"
"936",6,12,"""Webern_qrt_V2_1""",70,10.412859,3.3219693,"cpitch-cpint","After"
"937",6,13,"""Webern_qrt_V2_1""",67,3.3631475,3.3051105,"cpitch-cpint","After"
"938",1,1,"""Dallapiccola_quartina_2""",90,5.4594316,5.45943,"cpitch-cpint-cpintfref","After"
"939",1,2,"""Dallapiccola_quartina_2""",83,5.4594316,5.45943,"cpitch-cpint-cpintfref","After"
"940",1,3,"""Dallapiccola_quartina_2""",62,6.184938,4.5183525,"cpitch-cpint-cpintfref","After"
"941",1,4,"""Dallapiccola_quartina_2""",57,7.362589,2.7572,"cpitch-cpint-cpintfref","After"
"942",1,5,"""Dallapiccola_quartina_2""",55,1.6420596,2.664343,"cpitch-cpint-cpintfref","After"
"943",1,6,"""Dallapiccola_quartina_2""",51,10.107115,3.0123012,"cpitch-cpint-cpintfref","After"
"944",1,7,"""Dallapiccola_quartina_2""",76,7.8844337,2.5159588,"cpitch-cpint-cpintfref","After"
"945",1,8,"""Dallapiccola_quartina_2""",76,2.7793825,2.6986723,"cpitch-cpint-cpintfref","After"
"946",1,9,"""Dallapiccola_quartina_2""",58,9.190457,2.673565,"cpitch-cpint-cpintfref","After"
"947",1,10,"""Dallapiccola_quartina_2""",56,8.0050535,2.263623,"cpitch-cpint-cpintfref","After"
"948",1,11,"""Dallapiccola_quartina_2""",53,6.5453887,4.4567976,"cpitch-cpint-cpintfref","After"
"949",1,12,"""Dallapiccola_quartina_2""",61,9.063913,2.8022065,"cpitch-cpint-cpintfref","After"
"950",1,13,"""Dallapiccola_quartina_2""",72,7.047474,3.695292,"cpitch-cpint-cpintfref","After"
"951",2,1,"""Schoenberg_I""",79,5.4594316,5.45943,"cpitch-cpint-cpintfref","After"
"952",2,2,"""Schoenberg_I""",85,7.776871,2.9613638,"cpitch-cpint-cpintfref","After"
"953",2,3,"""Schoenberg_I""",83,5.4594316,5.45943,"cpitch-cpint-cpintfref","After"
"954",2,4,"""Schoenberg_I""",86,5.4594316,5.45943,"cpitch-cpint-cpintfref","After"
"955",2,5,"""Schoenberg_I""",84,5.4594316,5.45943,"cpitch-cpint-cpintfref","After"
"956",2,6,"""Schoenberg_I""",80,5.4594316,5.45943,"cpitch-cpint-cpintfref","After"
"957",2,7,"""Schoenberg_I""",75,5.4594316,5.45943,"cpitch-cpint-cpintfref","After"
"958",2,8,"""Schoenberg_I""",88,6.7940598,4.3029556,"cpitch-cpint-cpintfref","After"
"959",2,9,"""Schoenberg_I""",82,5.4594316,5.45943,"cpitch-cpint-cpintfref","After"
"960",2,10,"""Schoenberg_I""",81,5.4594316,5.45943,"cpitch-cpint-cpintfref","After"
"961",2,11,"""Schoenberg_I""",90,7.4073505,2.6414127,"cpitch-cpint-cpintfref","After"
"962",2,12,"""Schoenberg_I""",90,5.4594316,5.45943,"cpitch-cpint-cpintfref","After"
"963",2,13,"""Schoenberg_I""",89,6.365642,3.8282387,"cpitch-cpint-cpintfref","After"
"964",3,1,"""Schoenberg_RI""",65,5.4594316,5.45943,"cpitch-cpint-cpintfref","After"
"965",3,2,"""Schoenberg_RI""",66,10.959721,3.0700579,"cpitch-cpint-cpintfref","After"
"966",3,3,"""Schoenberg_RI""",69,7.3969016,3.126798,"cpitch-cpint-cpintfref","After"
"967",3,4,"""Schoenberg_RI""",70,2.61356,2.7642496,"cpitch-cpint-cpintfref","After"
"968",3,5,"""Schoenberg_RI""",64,7.897318,2.337579,"cpitch-cpint-cpintfref","After"
"969",3,6,"""Schoenberg_RI""",75,11.614682,1.7167645,"cpitch-cpint-cpintfref","After"
"970",3,7,"""Schoenberg_RI""",68,6.7940598,4.302955,"cpitch-cpint-cpintfref","After"
"971",3,8,"""Schoenberg_RI""",72,7.6977577,3.5473483,"cpitch-cpint-cpintfref","After"
"972",3,9,"""Schoenberg_RI""",74,2.684458,3.022891,"cpitch-cpint-cpintfref","After"
"973",3,10,"""Schoenberg_RI""",71,6.432213,2.243584,"cpitch-cpint-cpintfref","After"
"974",3,11,"""Schoenberg_RI""",71,3.8773794,1.141571,"cpitch-cpint-cpintfref","After"
"975",3,12,"""Schoenberg_RI""",73,7.5631695,2.5178685,"cpitch-cpint-cpintfref","After"
"976",3,13,"""Schoenberg_RI""",67,8.622567,2.6807637,"cpitch-cpint-cpintfref","After"
"977",3,14,"""Schoenberg_RI""",67,2.4387314,2.700926,"cpitch-cpint-cpintfref","After"
"978",4,1,"""Webern_froh_1""",67,5.4594316,5.45943,"cpitch-cpint-cpintfref","After"
"979",4,2,"""Webern_froh_1""",64,3.085107,3.309153,"cpitch-cpint-cpintfref","After"
"980",4,3,"""Webern_froh_1""",75,10.934214,2.9309468,"cpitch-cpint-cpintfref","After"
"981",4,4,"""Webern_froh_1""",78,6.9466124,4.346513,"cpitch-cpint-cpintfref","After"
"982",4,5,"""Webern_froh_1""",73,5.4594316,5.45943,"cpitch-cpint-cpintfref","After"
"983",4,6,"""Webern_froh_1""",65,6.6182365,4.1779127,"cpitch-cpint-cpintfref","After"
"984",4,7,"""Webern_froh_1""",62,3.0079238,2.8645804,"cpitch-cpint-cpintfref","After"
"985",4,8,"""Webern_froh_1""",59,3.5907476,2.4420302,"cpitch-cpint-cpintfref","After"
"986",4,9,"""Webern_froh_1""",70,11.271418,2.2934592,"cpitch-cpint-cpintfref","After"
"987",4,10,"""Webern_froh_1""",72,2.5469787,4.2395644,"cpitch-cpint-cpintfref","After"
"988",4,11,"""Webern_froh_1""",69,4.7387347,3.5559075,"cpitch-cpint-cpintfref","After"
"989",4,12,"""Webern_froh_1""",80,10.605239,2.5621338,"cpitch-cpint-cpintfref","After"
"990",4,13,"""Webern_froh_1""",67,2.2422755,4.518352,"cpitch-cpint-cpintfref","After"
"991",4,14,"""Webern_froh_1""",76,8.322889,2.709551,"cpitch-cpint-cpintfref","After"
"992",4,15,"""Webern_froh_1""",63,9.751261,2.0874777,"cpitch-cpint-cpintfref","After"
"993",4,16,"""Webern_froh_1""",66,5.5841155,4.0749335,"cpitch-cpint-cpintfref","After"
"994",5,1,"""Webern_qrt_V1_2""",72,5.4594316,5.45943,"cpitch-cpint-cpintfref","After"
"995",5,2,"""Webern_qrt_V1_2""",83,9.440757,3.3218572,"cpitch-cpint-cpintfref","After"
"996",5,3,"""Webern_qrt_V1_2""",74,6.184939,4.518351,"cpitch-cpint-cpintfref","After"
"997",5,4,"""Webern_qrt_V1_2""",61,9.376702,2.9439626,"cpitch-cpint-cpintfref","After"
"998",5,5,"""Webern_qrt_V1_2""",69,7.047474,3.695292,"cpitch-cpint-cpintfref","After"
"999",5,6,"""Webern_qrt_V1_2""",82,9.958943,2.6592627,"cpitch-cpint-cpintfref","After"
"1000",5,7,"""Webern_qrt_V1_2""",67,6.3092103,3.9372814,"cpitch-cpint-cpintfref","After"
"1001",5,8,"""Webern_qrt_V1_2""",80,9.803969,3.2827382,"cpitch-cpint-cpintfref","After"
"1002",5,9,"""Webern_qrt_V1_2""",88,7.0148945,2.72161,"cpitch-cpint-cpintfref","After"
"1003",5,10,"""Webern_qrt_V1_2""",75,5.4594316,5.45943,"cpitch-cpint-cpintfref","After"
"1004",5,11,"""Webern_qrt_V1_2""",66,5.1357617,4.490369,"cpitch-cpint-cpintfref","After"
"1005",5,12,"""Webern_qrt_V1_2""",77,0.9957509,2.6267211,"cpitch-cpint-cpintfref","After"
"1006",6,1,"""Webern_qrt_V2_1""",68,5.4594316,5.45943,"cpitch-cpint-cpintfref","After"
"1007",6,2,"""Webern_qrt_V2_1""",55,5.372112,3.7225902,"cpitch-cpint-cpintfref","After"
"1008",6,3,"""Webern_qrt_V2_1""",70,1.017734,2.6308107,"cpitch-cpint-cpintfref","After"
"1009",6,4,"""Webern_qrt_V2_1""",73,8.69653,2.9922187,"cpitch-cpint-cpintfref","After"
"1010",6,5,"""Webern_qrt_V2_1""",62,6.6182365,4.177915,"cpitch-cpint-cpintfref","After"
"1011",6,6,"""Webern_qrt_V2_1""",71,11.044484,2.7400794,"cpitch-cpint-cpintfref","After"
"1012",6,7,"""Webern_qrt_V2_1""",60,9.798165,2.3660712,"cpitch-cpint-cpintfref","After"
"1013",6,8,"""Webern_qrt_V2_1""",75,10.731267,3.0662742,"cpitch-cpint-cpintfref","After"
"1014",6,9,"""Webern_qrt_V2_1""",66,5.1357617,4.490369,"cpitch-cpint-cpintfref","After"
"1015",6,10,"""Webern_qrt_V2_1""",77,0.9957509,2.6267211,"cpitch-cpint-cpintfref","After"
"1016",6,11,"""Webern_qrt_V2_1""",57,7.4374647,3.994498,"cpitch-cpint-cpintfref","After"
"1017",6,12,"""Webern_qrt_V2_1""",70,10.20121,2.6496232,"cpitch-cpint-cpintfref","After"
"1018",6,13,"""Webern_qrt_V2_1""",67,3.338259,4.7372956,"cpitch-cpint-cpintfref","After"
"1019",1,1,"""Dallapiccola_quartina_2""",90,10.278294,4.1428885,"cpitch-cpintfref","After"
"1020",1,2,"""Dallapiccola_quartina_2""",83,8.389586,4.552634,"cpitch-cpintfref","After"
"1021",1,3,"""Dallapiccola_quartina_2""",62,3.9742985,3.6552978,"cpitch-cpintfref","After"
"1022",1,4,"""Dallapiccola_quartina_2""",57,6.5597816,2.8809316,"cpitch-cpintfref","After"
"1023",1,5,"""Dallapiccola_quartina_2""",55,1.723742,2.7432442,"cpitch-cpintfref","After"
"1024",1,6,"""Dallapiccola_quartina_2""",51,10.613223,3.0803297,"cpitch-cpintfref","After"
"1025",1,7,"""Dallapiccola_quartina_2""",76,8.864113,2.3176036,"cpitch-cpintfref","After"
"1026",1,8,"""Dallapiccola_quartina_2""",76,2.7997775,2.6637938,"cpitch-cpintfref","After"
"1027",1,9,"""Dallapiccola_quartina_2""",58,12.436433,2.6663613,"cpitch-cpintfref","After"
"1028",1,10,"""Dallapiccola_quartina_2""",56,11.8264,2.0459337,"cpitch-cpintfref","After"
"1029",1,11,"""Dallapiccola_quartina_2""",53,7.096532,3.6333098,"cpitch-cpintfref","After"
"1030",1,12,"""Dallapiccola_quartina_2""",61,11.793128,2.7393744,"cpitch-cpintfref","After"
"1031",1,13,"""Dallapiccola_quartina_2""",72,5.517028,3.2202296,"cpitch-cpintfref","After"
"1032",2,1,"""Schoenberg_I""",79,8.64864,3.531109,"cpitch-cpintfref","After"
"1033",2,2,"""Schoenberg_I""",85,14.557496,2.6444921,"cpitch-cpintfref","After"
"1034",2,3,"""Schoenberg_I""",83,11.214362,3.6988938,"cpitch-cpintfref","After"
"1035",2,4,"""Schoenberg_I""",86,11.245293,3.676966,"cpitch-cpintfref","After"
"1036",2,5,"""Schoenberg_I""",84,11.240793,3.6612425,"cpitch-cpintfref","After"
"1037",2,6,"""Schoenberg_I""",80,11.19953,3.652051,"cpitch-cpintfref","After"
"1038",2,7,"""Schoenberg_I""",75,8.409471,3.6480427,"cpitch-cpintfref","After"
"1039",2,8,"""Schoenberg_I""",88,12.628045,3.5642233,"cpitch-cpintfref","After"
"1040",2,9,"""Schoenberg_I""",82,11.080157,3.640268,"cpitch-cpintfref","After"
"1041",2,10,"""Schoenberg_I""",81,9.5127325,3.6455615,"cpitch-cpintfref","After"
"1042",2,11,"""Schoenberg_I""",90,13.468206,2.1724312,"cpitch-cpintfref","After"
"1043",2,12,"""Schoenberg_I""",90,10.369186,3.6492095,"cpitch-cpintfref","After"
"1044",2,13,"""Schoenberg_I""",89,12.059933,2.7692182,"cpitch-cpintfref","After"
"1045",3,1,"""Schoenberg_RI""",65,2.8305986,3.6198802,"cpitch-cpintfref","After"
"1046",3,2,"""Schoenberg_RI""",66,10.166955,3.26783,"cpitch-cpintfref","After"
"1047",3,3,"""Schoenberg_RI""",69,4.1136546,2.6530275,"cpitch-cpintfref","After"
"1048",3,4,"""Schoenberg_RI""",70,2.807458,2.9690814,"cpitch-cpintfref","After"
"1049",3,5,"""Schoenberg_RI""",64,6.890623,2.6122258,"cpitch-cpintfref","After"
"1050",3,6,"""Schoenberg_RI""",75,12.700751,1.8650147,"cpitch-cpintfref","After"
"1051",3,7,"""Schoenberg_RI""",68,9.150359,3.627353,"cpitch-cpintfref","After"
"1052",3,8,"""Schoenberg_RI""",72,4.2964525,3.0788362,"cpitch-cpintfref","After"
"1053",3,9,"""Schoenberg_RI""",74,2.962937,3.2045135,"cpitch-cpintfref","After"
"1054",3,10,"""Schoenberg_RI""",71,6.4375267,2.5709612,"cpitch-cpintfref","After"
"1055",3,11,"""Schoenberg_RI""",71,3.923881,1.2190032,"cpitch-cpintfref","After"
"1056",3,12,"""Schoenberg_RI""",73,7.768073,2.5483098,"cpitch-cpintfref","After"
"1057",3,13,"""Schoenberg_RI""",67,5.4436846,2.5936105,"cpitch-cpintfref","After"
"1058",3,14,"""Schoenberg_RI""",67,2.541447,2.9385118,"cpitch-cpintfref","After"
"1059",4,1,"""Webern_froh_1""",67,3.5126677,4.1439414,"cpitch-cpintfref","After"
"1060",4,2,"""Webern_froh_1""",64,3.3319397,3.5767994,"cpitch-cpintfref","After"
"1061",4,3,"""Webern_froh_1""",75,10.364313,3.1328847,"cpitch-cpintfref","After"
"1062",4,4,"""Webern_froh_1""",78,11.201158,4.0864334,"cpitch-cpintfref","After"
"1063",4,5,"""Webern_froh_1""",73,8.446729,4.28543,"cpitch-cpintfref","After"
"1064",4,6,"""Webern_froh_1""",65,5.3839865,3.5505729,"cpitch-cpintfref","After"
"1065",4,7,"""Webern_froh_1""",62,3.0485673,3.0663674,"cpitch-cpintfref","After"
"1066",4,8,"""Webern_froh_1""",59,3.598918,2.52918,"cpitch-cpintfref","After"
"1067",4,9,"""Webern_froh_1""",70,11.073204,2.3673804,"cpitch-cpintfref","After"
"1068",4,10,"""Webern_froh_1""",72,2.7593524,3.907492,"cpitch-cpintfref","After"
"1069",4,11,"""Webern_froh_1""",69,4.7454886,3.5811305,"cpitch-cpintfref","After"
"1070",4,12,"""Webern_froh_1""",80,14.181263,2.6380603,"cpitch-cpintfref","After"
"1071",4,13,"""Webern_froh_1""",67,1.8580558,3.5111349,"cpitch-cpintfref","After"
"1072",4,14,"""Webern_froh_1""",76,7.8288355,3.1794388,"cpitch-cpintfref","After"
"1073",4,15,"""Webern_froh_1""",63,11.196404,2.0804996,"cpitch-cpintfref","After"
"1074",4,16,"""Webern_froh_1""",66,6.205611,3.780466,"cpitch-cpintfref","After"
"1075",5,1,"""Webern_qrt_V1_2""",72,4.297271,4.1619544,"cpitch-cpintfref","After"
"1076",5,2,"""Webern_qrt_V1_2""",83,12.824087,3.3467953,"cpitch-cpintfref","After"
"1077",5,3,"""Webern_qrt_V1_2""",74,6.0925474,3.450553,"cpitch-cpintfref","After"
"1078",5,4,"""Webern_qrt_V1_2""",61,12.126362,2.8681583,"cpitch-cpintfref","After"
"1079",5,5,"""Webern_qrt_V1_2""",69,5.4942,3.3324158,"cpitch-cpintfref","After"
"1080",5,6,"""Webern_qrt_V1_2""",82,13.679759,2.7736568,"cpitch-cpintfref","After"
"1081",5,7,"""Webern_qrt_V1_2""",67,4.404106,2.9820812,"cpitch-cpintfref","After"
"1082",5,8,"""Webern_qrt_V1_2""",80,11.618482,3.562414,"cpitch-cpintfref","After"
"1083",5,9,"""Webern_qrt_V1_2""",88,11.954472,2.2070305,"cpitch-cpintfref","After"
"1084",5,10,"""Webern_qrt_V1_2""",75,7.304996,4.2617793,"cpitch-cpintfref","After"
"1085",5,11,"""Webern_qrt_V1_2""",66,5.5722694,3.9706595,"cpitch-cpintfref","After"
"1086",5,12,"""Webern_qrt_V1_2""",77,1.030504,2.4827173,"cpitch-cpintfref","After"
"1087",6,1,"""Webern_qrt_V2_1""",68,7.2035007,4.1649275,"cpitch-cpintfref","After"
"1088",6,2,"""Webern_qrt_V2_1""",55,4.4807215,3.5675538,"cpitch-cpintfref","After"
"1089",6,3,"""Webern_qrt_V2_1""",70,1.1206712,2.7470543,"cpitch-cpintfref","After"
"1090",6,4,"""Webern_qrt_V2_1""",73,11.751232,3.0748227,"cpitch-cpintfref","After"
"1091",6,5,"""Webern_qrt_V2_1""",62,4.355541,3.5697937,"cpitch-cpintfref","After"
"1092",6,6,"""Webern_qrt_V2_1""",71,8.524306,2.8147285,"cpitch-cpintfref","After"
"1093",6,7,"""Webern_qrt_V2_1""",60,6.318905,2.4067187,"cpitch-cpintfref","After"
"1094",6,8,"""Webern_qrt_V2_1""",75,10.43693,3.173653,"cpitch-cpintfref","After"
"1095",6,9,"""Webern_qrt_V2_1""",66,5.518771,4.0962815,"cpitch-cpintfref","After"
"1096",6,10,"""Webern_qrt_V2_1""",77,1.0304055,2.4866807,"cpitch-cpintfref","After"
"1097",6,11,"""Webern_qrt_V2_1""",57,6.5519624,3.6936865,"cpitch-cpintfref","After"
"1098",6,12,"""Webern_qrt_V2_1""",70,10.242612,2.713882,"cpitch-cpintfref","After"
"1099",6,13,"""Webern_qrt_V2_1""",67,3.3490808,4.2004423,"cpitch-cpintfref","After"
